File Name,Call Type,Length (seconds),Start Time,Trap Number
Crossroad-010320_220001-S541-E565,Male,24.0,2020-03-02 11:09,Secretary_Island/Crossroad
Crossroad-010320_221502-S455-E480,Male,25.0,2020-03-02 11:22,Secretary_Island/Crossroad
Crossroad-010320_224502-S510-E544,Male,34.0,2020-03-02 11:53,Secretary_Island/Crossroad
Crossroad-010320_224502-S589-E618,Male,29.0,2020-03-02 11:54,Secretary_Island/Crossroad
Crossroad-010320_230002-S493-E512,Male,19.0,2020-03-02 12:08,Secretary_Island/Crossroad
Crossroad-010420_231502-S386-E407,Male,21.0,2020-04-02 12:21,Secretary_Island/Crossroad
Crossroad-010420_231502-S617-E644,Male,27.0,2020-04-02 12:25,Secretary_Island/Crossroad
Crossroad-010519_221502-S67-E88,Male,21.0,2019-05-02 10:16,Secretary_Island/Crossroad
Crossroad-010519_231502-S266-E293,Male,27.0,2019-05-02 11:19,Secretary_Island/Crossroad
Crossroad-010519_231502-S292-E299,Female,7.0,2019-05-02 11:19,Secretary_Island/Crossroad
Crossroad-010519_233002-S160-E176,Male,16.0,2019-05-02 11:32,Secretary_Island/Crossroad
Crossroad-010519_233002-S17-E24,Female,7.0,2019-05-02 11:30,Secretary_Island/Crossroad
Crossroad-020320_220001-S509-E517,Male,8.0,2020-03-03 11:08,Secretary_Island/Crossroad
Crossroad-020320_220001-S522-E535,Male,13.0,2020-03-03 11:08,Secretary_Island/Crossroad
Crossroad-020419_220001-S649-E667,Male,18.0,2019-04-03 11:10,Secretary_Island/Crossroad
Crossroad-020419_221502-S685-E698,Female,13.0,2019-04-03 11:26,Secretary_Island/Crossroad
Crossroad-020419_221502-S703-E727,Male,24.0,2019-04-03 11:26,Secretary_Island/Crossroad
Crossroad-020419_223002-S761-E784,Male,23.0,2019-04-03 11:42,Secretary_Island/Crossroad
Crossroad-020419_224502-S107-E113,Male,6.0,2019-04-03 11:46,Secretary_Island/Crossroad
Crossroad-020419_233002-S200-E215,Female,15.0,2019-04-03 12:33,Secretary_Island/Crossroad
Crossroad-020419_233002-S223-E230,Male,7.0,2019-04-03 12:33,Secretary_Island/Crossroad
Crossroad-020420_223002-S177-E189,Male,12.0,2020-04-03 11:32,Secretary_Island/Crossroad
Crossroad-020420_231502-S270-E294,Male,24.0,2020-04-03 12:19,Secretary_Island/Crossroad
Crossroad-020420_231502-S93-E117,Male,24.0,2020-04-03 12:16,Secretary_Island/Crossroad
Crossroad-020420_234502-S260-E284,Male,24.0,2020-04-03 12:49,Secretary_Island/Crossroad
Crossroad-020519_223002-S825-E846,Male,21.0,2019-05-03 10:43,Secretary_Island/Crossroad
Crossroad-020519_231502-S432-E450,Male,18.0,2019-05-03 11:22,Secretary_Island/Crossroad
Crossroad-030418_234502-S382-E394,Male,12.0,2018-04-04 11:51,Secretary_Island/Crossroad
Crossroad-030419_220001-S572-E585,Male,13.0,2019-04-04 11:09,Secretary_Island/Crossroad
Crossroad-030419_224502-S753-E763,Male,10.0,2019-04-04 11:57,Secretary_Island/Crossroad
Crossroad-030419_231502-S379-E406,Male,27.0,2019-04-04 12:21,Secretary_Island/Crossroad
Crossroad-030419_233002-S38-E50,Male,12.0,2019-04-04 12:30,Secretary_Island/Crossroad
Crossroad-030419_233002-S53-E59,Male,6.0,2019-04-04 12:30,Secretary_Island/Crossroad
Crossroad-030419_233002-S65-E71,Female,6.0,2019-04-04 12:31,Secretary_Island/Crossroad
Crossroad-030419_233002-S671-E697,Male,26.0,2019-04-04 12:41,Secretary_Island/Crossroad
Crossroad-030420_224502-S625-E648,Male,23.0,2020-04-04 11:55,Secretary_Island/Crossroad
Crossroad-030420_234502-S160-E173,Male,13.0,2020-04-04 12:47,Secretary_Island/Crossroad
Crossroad-040320_220001-S371-E389,Male,18.0,2020-03-05 11:06,Secretary_Island/Crossroad
Crossroad-040320_224502-S143-E149,Male,6.0,2020-03-05 11:47,Secretary_Island/Crossroad
Crossroad-040320_230002-S215-E245,Male,30.0,2020-03-05 12:03,Secretary_Island/Crossroad
Crossroad-040320_230002-S53-E69,Male,16.0,2020-03-05 12:00,Secretary_Island/Crossroad
Crossroad-040320_233002-S701-E731,Male,30.0,2020-03-05 12:41,Secretary_Island/Crossroad
Crossroad-040418_223002-S616-E639,Male,23.0,2018-04-05 10:40,Secretary_Island/Crossroad
Crossroad-040418_224502-S340-E356,Male,16.0,2018-04-05 10:50,Secretary_Island/Crossroad
Crossroad-040418_224502-S767-E774,Male,7.0,2018-04-05 10:57,Secretary_Island/Crossroad
Crossroad-040418_234502-S630-E651,Male,21.0,2018-04-05 11:55,Secretary_Island/Crossroad
Crossroad-040419_223002-S270-E277,Male,7.0,2019-04-05 11:34,Secretary_Island/Crossroad
Crossroad-040419_223002-S335-E345,Male,10.0,2019-04-05 11:35,Secretary_Island/Crossroad
Crossroad-040419_223002-S466-E484,Male,18.0,2019-04-05 11:37,Secretary_Island/Crossroad
Crossroad-040419_223002-S56-E66,Male,10.0,2019-04-05 11:30,Secretary_Island/Crossroad
Crossroad-040419_223002-S660-E678,Male,18.0,2019-04-05 11:41,Secretary_Island/Crossroad
Crossroad-040419_223002-S854-E861,Male,7.0,2019-04-05 11:44,Secretary_Island/Crossroad
Crossroad-040419_223002-S868-E874,Male,6.0,2019-04-05 11:44,Secretary_Island/Crossroad
Crossroad-040419_223002-S877-E883,Male,6.0,2019-04-05 11:44,Secretary_Island/Crossroad
Crossroad-040419_224502-S165-E180,Male,15.0,2019-04-05 11:47,Secretary_Island/Crossroad
Crossroad-040419_230002-S94-E118,Male,24.0,2019-04-05 12:01,Secretary_Island/Crossroad
Crossroad-050320_220001-S129-E145,Male,16.0,2020-03-06 11:02,Secretary_Island/Crossroad
Crossroad-050320_220001-S159-E166,Female,7.0,2020-03-06 11:02,Secretary_Island/Crossroad
Crossroad-050320_220001-S168-E177,Female,9.0,2020-03-06 11:02,Secretary_Island/Crossroad
Crossroad-050320_220001-S295-E322,Male,27.0,2020-03-06 11:04,Secretary_Island/Crossroad
Crossroad-050320_221502-S310-E337,Male,27.0,2020-03-06 11:20,Secretary_Island/Crossroad
Crossroad-050320_221502-S353-E371,Male,18.0,2020-03-06 11:20,Secretary_Island/Crossroad
Crossroad-050320_223002-S554-E564,Male,10.0,2020-03-06 11:39,Secretary_Island/Crossroad
Crossroad-050320_223002-S68-E78,Male,10.0,2020-03-06 11:31,Secretary_Island/Crossroad
Crossroad-050418_220001-S88-E104,Male,16.0,2018-04-06 10:01,Secretary_Island/Crossroad
Crossroad-050419_223002-S486-E507,Male,21.0,2019-04-06 11:38,Secretary_Island/Crossroad
Crossroad-050419_234502-S348-E354,Female,6.0,2019-04-06 12:50,Secretary_Island/Crossroad
Crossroad-050419_234502-S352-E361,Male,9.0,2019-04-06 12:50,Secretary_Island/Crossroad
Crossroad-060320_220001-S703-E712,Male,9.0,2020-03-07 11:11,Secretary_Island/Crossroad
Crossroad-060320_221502-S780-E786,Female,6.0,2020-03-07 11:28,Secretary_Island/Crossroad
Crossroad-060320_231502-S885-E896,Male,11.0,2020-03-07 12:29,Secretary_Island/Crossroad
Crossroad-060418_221502-S138-E155,Male,17.0,2018-04-07 10:17,Secretary_Island/Crossroad
Crossroad-060418_221502-S204-E214,Male,10.0,2018-04-07 10:18,Secretary_Island/Crossroad
Crossroad-060418_231502-S318-E324,Male,6.0,2018-04-07 11:20,Secretary_Island/Crossroad
Crossroad-060419_224502-S777-E796,Female,19.0,2019-04-07 10:57,Secretary_Island/Crossroad
Crossroad-060419_224502-S797-E818,Male,21.0,2019-04-07 10:58,Secretary_Island/Crossroad
Crossroad-060419_230002-S42-E69,Female,27.0,2019-04-07 11:00,Secretary_Island/Crossroad
Crossroad-060420_221503-S103-E122,Male,19.0,2020-04-07 10:16,Secretary_Island/Crossroad
Crossroad-060519_220001-S681-E702,Male,21.0,2019-05-07 10:11,Secretary_Island/Crossroad
Crossroad-060519_220001-S83-E90,Female,7.0,2019-05-07 10:01,Secretary_Island/Crossroad
Crossroad-060519_220001-S89-E106,Male,17.0,2019-05-07 10:01,Secretary_Island/Crossroad
Crossroad-070320_223002-S425-E435,Male,10.0,2020-03-08 11:37,Secretary_Island/Crossroad
Crossroad-070320_223002-S731-E737,Male,6.0,2020-03-08 11:42,Secretary_Island/Crossroad
Crossroad-070320_223002-S794-E803,Male,9.0,2020-03-08 11:43,Secretary_Island/Crossroad
Crossroad-070320_234502-S389-E407,Male,18.0,2020-03-08 12:51,Secretary_Island/Crossroad
Crossroad-070418_221502-S881-E897,Male,16.0,2018-04-08 10:29,Secretary_Island/Crossroad
Crossroad-070418_223002-S1-E15,Male,14.0,2018-04-08 10:30,Secretary_Island/Crossroad
Crossroad-070418_223002-S173-E189,Male,16.0,2018-04-08 10:32,Secretary_Island/Crossroad
Crossroad-070418_223002-S194-E210,Male,16.0,2018-04-08 10:33,Secretary_Island/Crossroad
Crossroad-070418_224502-S793-E817,Male,24.0,2018-04-08 10:58,Secretary_Island/Crossroad
Crossroad-070418_224502-S882-E898,Male,16.0,2018-04-08 10:59,Secretary_Island/Crossroad
Crossroad-070418_230002-S102-E118,Male,16.0,2018-04-08 11:01,Secretary_Island/Crossroad
Crossroad-070418_230002-S9-E22,Male,13.0,2018-04-08 11:00,Secretary_Island/Crossroad
Crossroad-070418_231502-S313-E329,Male,16.0,2018-04-08 11:20,Secretary_Island/Crossroad
Crossroad-070418_231502-S561-E577,Male,16.0,2018-04-08 11:24,Secretary_Island/Crossroad
Crossroad-070418_231502-S68-E97,Male,29.0,2018-04-08 11:16,Secretary_Island/Crossroad
Crossroad-070418_231502-S728-E741,Male,13.0,2018-04-08 11:27,Secretary_Island/Crossroad
Crossroad-070418_231502-S759-E780,Male,21.0,2018-04-08 11:27,Secretary_Island/Crossroad
Crossroad-070418_233002-S214-E224,Male,10.0,2018-04-08 11:33,Secretary_Island/Crossroad
Crossroad-070418_233002-S240-E250,Male,10.0,2018-04-08 11:34,Secretary_Island/Crossroad
Crossroad-070418_233002-S712-E728,Male,16.0,2018-04-08 11:41,Secretary_Island/Crossroad
Crossroad-070419_220001-S388-E406,Male,18.0,2019-04-08 10:06,Secretary_Island/Crossroad
Crossroad-070419_220001-S466-E494,Male,28.0,2019-04-08 10:07,Secretary_Island/Crossroad
Crossroad-070419_223002-S123-E136,Male,13.0,2019-04-08 10:32,Secretary_Island/Crossroad
Crossroad-070420_224502-S263-E270,Male,7.0,2020-04-08 10:49,Secretary_Island/Crossroad
Crossroad-080418_231502-S156-E183,Male,27.0,2018-04-09 11:17,Secretary_Island/Crossroad
Crossroad-080418_231502-S504-E514,Male,10.0,2018-04-09 11:23,Secretary_Island/Crossroad
Crossroad-080419_221503-S728-E749,Male,21.0,2019-04-09 10:27,Secretary_Island/Crossroad
Crossroad-080419_230002-S455-E464,Male,9.0,2019-04-09 11:07,Secretary_Island/Crossroad
Crossroad-080419_233002-S273-E279,Male,6.0,2019-04-09 11:34,Secretary_Island/Crossroad
Crossroad-080419_233002-S521-E530,Male,9.0,2019-04-09 11:38,Secretary_Island/Crossroad
Crossroad-080420_221502-S165-E175,Female,10.0,2020-04-09 10:17,Secretary_Island/Crossroad
Crossroad-080519_224502-S19-E26,Male,7.0,2019-05-09 10:45,Secretary_Island/Crossroad
Crossroad-080519_224502-S9-E16,Male,7.0,2019-05-09 10:45,Secretary_Island/Crossroad
Crossroad-080519_234502-S453-E466,Male,13.0,2019-05-09 11:52,Secretary_Island/Crossroad
Crossroad-090418_230002-S25-E31,Female,6.0,2018-04-10 11:00,Secretary_Island/Crossroad
Crossroad-090418_230002-S333-E355,Male,22.0,2018-04-10 11:05,Secretary_Island/Crossroad
Crossroad-090418_230002-S558-E571,Male,13.0,2018-04-10 11:09,Secretary_Island/Crossroad
Crossroad-090418_230002-S574-E587,Male,13.0,2018-04-10 11:09,Secretary_Island/Crossroad
Crossroad-090418_230002-S875-E889,Male,14.0,2018-04-10 11:14,Secretary_Island/Crossroad
Crossroad-090418_231502-S110-E126,Male,16.0,2018-04-10 11:16,Secretary_Island/Crossroad
Crossroad-090418_231502-S561-E575,Male,14.0,2018-04-10 11:24,Secretary_Island/Crossroad
Crossroad-090418_233002-S352-E362,Male,10.0,2018-04-10 11:35,Secretary_Island/Crossroad
Crossroad-090418_233002-S527-E545,Male,18.0,2018-04-10 11:38,Secretary_Island/Crossroad
Crossroad-090419_220001-S358-E367,Male,9.0,2019-04-10 10:05,Secretary_Island/Crossroad
Crossroad-090419_220001-S397-E415,Male,18.0,2019-04-10 10:06,Secretary_Island/Crossroad
Crossroad-090419_221502-S593-E608,Male,15.0,2019-04-10 10:24,Secretary_Island/Crossroad
Crossroad-090419_221502-S619-E625,Female,6.0,2019-04-10 10:25,Secretary_Island/Crossroad
Crossroad-090419_231502-S319-E330,Male,11.0,2019-04-10 11:20,Secretary_Island/Crossroad
Crossroad-090420_220001-S31-E46,Male,15.0,2020-04-10 10:00,Secretary_Island/Crossroad
Crossroad-090420_220001-S45-E60,Female,15.0,2020-04-10 10:00,Secretary_Island/Crossroad
Crossroad-090420_220001-S64-E73,Male,9.0,2020-04-10 10:01,Secretary_Island/Crossroad
Crossroad-090420_230002-S380-E386,Female,6.0,2020-04-10 11:06,Secretary_Island/Crossroad
Crossroad-090420_230002-S389-E410,Male,21.0,2020-04-10 11:06,Secretary_Island/Crossroad
Crossroad-090420_230002-S749-E761,Male,12.0,2020-04-10 11:12,Secretary_Island/Crossroad
Crossroad-090519_233002-S594-E610,Male,16.0,2019-05-10 11:39,Secretary_Island/Crossroad
Crossroad-090519_233002-S612-E628,Male,16.0,2019-05-10 11:40,Secretary_Island/Crossroad
Crossroad-090519_233002-S797-E818,Male,21.0,2019-05-10 11:43,Secretary_Island/Crossroad
Crossroad-100320_220001-S644-E658,Male,14.0,2020-03-11 11:10,Secretary_Island/Crossroad
Crossroad-100320_224502-S92-E102,Female,10.0,2020-03-11 11:46,Secretary_Island/Crossroad
Crossroad-100320_233002-S741-E748,Male,7.0,2020-03-11 12:42,Secretary_Island/Crossroad
Crossroad-100320_233002-S751-E761,Male,10.0,2020-03-11 12:42,Secretary_Island/Crossroad
Crossroad-100418_230002-S879-E897,Male,18.0,2018-04-11 11:14,Secretary_Island/Crossroad
Crossroad-100418_231502-S162-E180,Male,18.0,2018-04-11 11:17,Secretary_Island/Crossroad
Crossroad-100420_223002-S708-E719,missing,11.0,2020-04-11 10:41,Secretary_Island/Crossroad
Crossroad-100420_224502-S195-E202,missing,7.0,2020-04-11 10:48,Secretary_Island/Crossroad
Crossroad-100519_230002-S70-E93,Male,23.0,2019-05-11 11:01,Secretary_Island/Crossroad
Crossroad-110320_221503-S282-E289,Female,7.0,2020-03-12 11:19,Secretary_Island/Crossroad
Crossroad-110320_221503-S307-E325,Male,18.0,2020-03-12 11:20,Secretary_Island/Crossroad
Crossroad-110320_223002-S389-E396,Male,7.0,2020-03-12 11:36,Secretary_Island/Crossroad
Crossroad-110320_231502-S704-E713,Male,9.0,2020-03-12 12:26,Secretary_Island/Crossroad
Crossroad-110320_234502-S412-E430,Male,18.0,2020-03-12 12:51,Secretary_Island/Crossroad
Crossroad-110418_221502-S810-E825,Female,15.0,2018-04-12 10:28,Secretary_Island/Crossroad
Crossroad-110418_221502-S832-E850,Male,18.0,2018-04-12 10:28,Secretary_Island/Crossroad
Crossroad-110418_223002-S195-E219,Male,24.0,2018-04-12 10:33,Secretary_Island/Crossroad
Crossroad-110418_230002-S118-E131,Male,13.0,2018-04-12 11:02,Secretary_Island/Crossroad
Crossroad-110419_221502-S357-E378,Male,21.0,2019-04-12 10:20,Secretary_Island/Crossroad
Crossroad-110419_231502-S434-E458,Male,24.0,2019-04-12 11:22,Secretary_Island/Crossroad
Crossroad-110419_231502-S843-E859,Male,16.0,2019-04-12 11:29,Secretary_Island/Crossroad
Crossroad-110419_233002-S750-E767,Male,17.0,2019-04-12 11:42,Secretary_Island/Crossroad
Crossroad-110419_234502-S152-E179,Male,27.0,2019-04-12 11:47,Secretary_Island/Crossroad
Crossroad-110420_220001-S319-E331,Female,12.0,2020-04-12 10:05,Secretary_Island/Crossroad
Crossroad-110420_223002-S9-E15,Male,6.0,2020-04-12 10:30,Secretary_Island/Crossroad
Crossroad-110519_221502-S507-E528,Male,21.0,2019-05-12 10:23,Secretary_Island/Crossroad
Crossroad-110519_221502-S536-E543,Male,7.0,2019-05-12 10:23,Secretary_Island/Crossroad
Crossroad-110519_221502-S71-E77,Male,6.0,2019-05-12 10:16,Secretary_Island/Crossroad
Crossroad-110519_231502-S477-E492,Male,15.0,2019-05-12 11:22,Secretary_Island/Crossroad
Crossroad-120320_221502-S266-E273,Male,7.0,2020-03-13 11:19,Secretary_Island/Crossroad
Crossroad-120320_223002-S301-E325,Male,24.0,2020-03-13 11:35,Secretary_Island/Crossroad
Crossroad-120320_224502-S496-E520,Male,24.0,2020-03-13 11:53,Secretary_Island/Crossroad
Crossroad-120320_224502-S522-E532,Female,10.0,2020-03-13 11:53,Secretary_Island/Crossroad
Crossroad-120320_234502-S361-E385,Male,24.0,2020-03-13 12:51,Secretary_Island/Crossroad
Crossroad-120419_223002-S708-E723,Male,15.0,2019-04-13 10:41,Secretary_Island/Crossroad
Crossroad-120419_223002-S728-E740,Female,12.0,2019-04-13 10:42,Secretary_Island/Crossroad
Crossroad-120419_223002-S741-E762,Male,21.0,2019-04-13 10:42,Secretary_Island/Crossroad
Crossroad-120419_224502-S232-E244,Female,12.0,2019-04-13 10:48,Secretary_Island/Crossroad
Crossroad-120419_224502-S245-E263,Male,18.0,2019-04-13 10:49,Secretary_Island/Crossroad
Crossroad-120419_224502-S466-E478,Male,12.0,2019-04-13 10:52,Secretary_Island/Crossroad
Crossroad-120419_224502-S490-E496,Male,6.0,2019-04-13 10:53,Secretary_Island/Crossroad
Crossroad-120419_230002-S882-E898,Male,16.0,2019-04-13 11:14,Secretary_Island/Crossroad
Crossroad-120419_231502-S1-E12,Male,11.0,2019-04-13 11:15,Secretary_Island/Crossroad
Crossroad-120419_231502-S520-E530,Male,10.0,2019-04-13 11:23,Secretary_Island/Crossroad
Crossroad-120419_231502-S552-E559,Male,7.0,2019-04-13 11:24,Secretary_Island/Crossroad
Crossroad-120419_231502-S776-E802,Male,26.0,2019-04-13 11:27,Secretary_Island/Crossroad
Crossroad-120419_233002-S334-E364,Male,30.0,2019-04-13 11:35,Secretary_Island/Crossroad
Crossroad-120419_233002-S52-E59,Male,7.0,2019-04-13 11:30,Secretary_Island/Crossroad
Crossroad-120519_231502-S538-E545,Male,7.0,2019-05-13 11:24,Secretary_Island/Crossroad
Crossroad-130320_220001-S883-E896,Male,13.0,2020-03-14 11:14,Secretary_Island/Crossroad
Crossroad-130320_224502-S772-E802,Male,30.0,2020-03-14 11:57,Secretary_Island/Crossroad
Crossroad-130320_231502-S750-E768,Male,18.0,2020-03-14 12:27,Secretary_Island/Crossroad
Crossroad-130320_231502-S816-E834,Male,18.0,2020-03-14 12:28,Secretary_Island/Crossroad
Crossroad-130320_231502-S876-E898,Male,22.0,2020-03-14 12:29,Secretary_Island/Crossroad
Crossroad-130320_234502-S187-E205,Male,18.0,2020-03-14 12:48,Secretary_Island/Crossroad
Crossroad-130320_234502-S362-E375,Male,13.0,2020-03-14 12:51,Secretary_Island/Crossroad
Crossroad-130419_220001-S338-E359,Male,21.0,2019-04-14 10:05,Secretary_Island/Crossroad
Crossroad-130419_220001-S8-E23,Male,15.0,2019-04-14 10:00,Secretary_Island/Crossroad
Crossroad-130420_224502-S600-E621,Male,21.0,2020-04-14 10:55,Secretary_Island/Crossroad
Crossroad-130519_220001-S425-E453,Male,28.0,2019-05-14 10:07,Secretary_Island/Crossroad
Crossroad-130519_224502-S727-E739,Female,12.0,2019-05-14 10:57,Secretary_Island/Crossroad
Crossroad-130519_224502-S740-E758,Male,18.0,2019-05-14 10:57,Secretary_Island/Crossroad
Crossroad-130519_230002-S315-E327,Female,12.0,2019-05-14 11:05,Secretary_Island/Crossroad
Crossroad-130519_230002-S338-E356,Male,18.0,2019-05-14 11:05,Secretary_Island/Crossroad
Crossroad-140319_230002-S196-E220,Male,24.0,2019-03-15 12:03,Secretary_Island/Crossroad
Crossroad-140319_231502-S718-E728,Male,10.0,2019-03-15 12:27,Secretary_Island/Crossroad
Crossroad-140319_233002-S190-E203,Male,13.0,2019-03-15 12:33,Secretary_Island/Crossroad
Crossroad-140319_233002-S241-E251,Male,10.0,2019-03-15 12:34,Secretary_Island/Crossroad
Crossroad-140319_233002-S792-E810,missing,18.0,2019-03-15 12:43,Secretary_Island/Crossroad
Crossroad-140320_220001-S779-E785,Male,6.0,2020-03-15 11:13,Secretary_Island/Crossroad
Crossroad-140320_220001-S797-E804,Male,7.0,2020-03-15 11:13,Secretary_Island/Crossroad
Crossroad-140320_231502-S82-E112,Male,30.0,2020-03-15 12:16,Secretary_Island/Crossroad
Crossroad-140320_231502-S847-E874,Male,27.0,2020-03-15 12:29,Secretary_Island/Crossroad
Crossroad-140320_231502-S881-E890,Male,9.0,2020-03-15 12:29,Secretary_Island/Crossroad
Crossroad-140320_233002-S100-E115,Male,15.0,2020-03-15 12:31,Secretary_Island/Crossroad
Crossroad-140320_233002-S88-E94,Male,6.0,2020-03-15 12:31,Secretary_Island/Crossroad
Crossroad-140320_234502-S861-E867,Female,6.0,2020-03-15 12:59,Secretary_Island/Crossroad
Crossroad-140320_234502-S867-E873,Male,6.0,2020-03-15 12:59,Secretary_Island/Crossroad
Crossroad-140320_234502-S879-E888,Male,9.0,2020-03-15 12:59,Secretary_Island/Crossroad
Crossroad-140419_220001-S557-E581,Male,24.0,2019-04-15 10:09,Secretary_Island/Crossroad
Crossroad-140419_223002-S13-E22,Male,9.0,2019-04-15 10:30,Secretary_Island/Crossroad
Crossroad-140419_223002-S247-E277,Male,30.0,2019-04-15 10:34,Secretary_Island/Crossroad
Crossroad-140419_223002-S281-E299,Male,18.0,2019-04-15 10:34,Secretary_Island/Crossroad
Crossroad-140419_224502-S320-E334,Male,14.0,2019-04-15 10:50,Secretary_Island/Crossroad
Crossroad-140419_224502-S398-E408,Male,10.0,2019-04-15 10:51,Secretary_Island/Crossroad
Crossroad-140419_224502-S416-E437,Male,21.0,2019-04-15 10:51,Secretary_Island/Crossroad
Crossroad-140419_234502-S472-E490,Male,18.0,2019-04-15 11:52,Secretary_Island/Crossroad
Crossroad-150319_231502-S213-E228,Female,15.0,2019-03-16 12:18,Secretary_Island/Crossroad
Crossroad-150319_231502-S229-E250,Male,21.0,2019-03-16 12:18,Secretary_Island/Crossroad
Crossroad-150320_223002-S250-E262,Male,12.0,2020-03-16 11:34,Secretary_Island/Crossroad
Crossroad-150320_224502-S69-E87,Male,18.0,2020-03-16 11:46,Secretary_Island/Crossroad
Crossroad-160319_224502-S194-E201,Male,7.0,2019-03-17 11:48,Secretary_Island/Crossroad
Crossroad-160319_230002-S277-E293,Male,16.0,2019-03-17 12:04,Secretary_Island/Crossroad
Crossroad-160319_234502-S119-E146,Male,27.0,2019-03-17 12:47,Secretary_Island/Crossroad
Crossroad-160320_220001-S889-E896,Male,7.0,2020-03-17 11:14,Secretary_Island/Crossroad
Crossroad-160320_221502-S1-E12,Male,11.0,2020-03-17 11:15,Secretary_Island/Crossroad
Crossroad-160320_230002-S811-E832,Male,21.0,2020-03-17 12:13,Secretary_Island/Crossroad
Crossroad-160320_231502-S771-E777,Male,6.0,2020-03-17 12:27,Secretary_Island/Crossroad
Crossroad-160419_220001-S731-E750,Male,19.0,2019-04-17 10:12,Secretary_Island/Crossroad
Crossroad-160519_220001-S521-E527,Male,6.0,2019-05-17 10:08,Secretary_Island/Crossroad
Crossroad-160519_220001-S533-E542,Female,9.0,2019-05-17 10:08,Secretary_Island/Crossroad
Crossroad-160519_221502-S3-E25,Male,22.0,2019-05-17 10:15,Secretary_Island/Crossroad
Crossroad-160519_221502-S793-E803,Male,10.0,2019-05-17 10:28,Secretary_Island/Crossroad
Crossroad-160519_230002-S17-E23,Male,6.0,2019-05-17 11:00,Secretary_Island/Crossroad
Crossroad-170319_230002-S367-E376,Male,9.0,2019-03-18 12:06,Secretary_Island/Crossroad
Crossroad-170320_224502-S726-E732,Male,6.0,2020-03-18 11:57,Secretary_Island/Crossroad
Crossroad-170320_224502-S741-E750,Male,9.0,2020-03-18 11:57,Secretary_Island/Crossroad
Crossroad-170320_224502-S815-E842,Male,27.0,2020-03-18 11:58,Secretary_Island/Crossroad
Crossroad-170320_234502-S529-E550,Male,21.0,2020-03-18 12:53,Secretary_Island/Crossroad
Crossroad-170320_234502-S588-E618,Male,30.0,2020-03-18 12:54,Secretary_Island/Crossroad
Crossroad-170419_234502-S98-E125,Male,27.0,2019-04-18 11:46,Secretary_Island/Crossroad
Crossroad-170519_221502-S614-E624,Male,10.0,2019-05-18 10:25,Secretary_Island/Crossroad
Crossroad-180320_220001-S269-E299,Male,30.0,2020-03-19 11:04,Secretary_Island/Crossroad
Crossroad-180320_221502-S400-E425,Male,25.0,2020-03-19 11:21,Secretary_Island/Crossroad
Crossroad-180419_220001-S507-E531,Male,24.0,2019-04-19 10:08,Secretary_Island/Crossroad
Crossroad-180419_223002-S152-E167,Male,15.0,2019-04-19 10:32,Secretary_Island/Crossroad
Crossroad-180419_224502-S549-E573,Male,24.0,2019-04-19 10:54,Secretary_Island/Crossroad
Crossroad-190419_231502-S775-E785,Male,10.0,2019-04-20 11:27,Secretary_Island/Crossroad
Crossroad-190419_231502-S792-E813,Male,21.0,2019-04-20 11:28,Secretary_Island/Crossroad
Crossroad-190419_231502-S831-E840,Male,9.0,2019-04-20 11:28,Secretary_Island/Crossroad
Crossroad-200319_221503-S280-E293,Male,13.0,2019-03-21 11:19,Secretary_Island/Crossroad
Crossroad-200320_220001-S441-E456,Male,15.0,2020-03-21 11:07,Secretary_Island/Crossroad
Crossroad-200320_220001-S606-E619,Female,13.0,2020-03-21 11:10,Secretary_Island/Crossroad
Crossroad-200320_221502-S564-E582,Female,18.0,2020-03-21 11:24,Secretary_Island/Crossroad
Crossroad-200320_221502-S623-E650,Male,27.0,2020-03-21 11:25,Secretary_Island/Crossroad
Crossroad-200320_223002-S422-E429,Male,7.0,2020-03-21 11:37,Secretary_Island/Crossroad
Crossroad-200320_224502-S88-E104,Male,16.0,2020-03-21 11:46,Secretary_Island/Crossroad
Crossroad-200320_231502-S378-E393,Male,15.0,2020-03-21 12:21,Secretary_Island/Crossroad
Crossroad-200320_233002-S467-E494,Male,27.0,2020-03-21 12:37,Secretary_Island/Crossroad
Crossroad-200320_233002-S690-E697,Male,7.0,2020-03-21 12:41,Secretary_Island/Crossroad
Crossroad-200320_234502-S455-E473,Male,18.0,2020-03-21 12:52,Secretary_Island/Crossroad
Crossroad-200419_233002-S160-E170,Male,10.0,2019-04-21 11:32,Secretary_Island/Crossroad
Crossroad-200419_233002-S169-E182,Female,13.0,2019-04-21 11:32,Secretary_Island/Crossroad
Crossroad-200419_234502-S761-E780,Male,19.0,2019-04-21 11:57,Secretary_Island/Crossroad
Crossroad-210319_220001-S198-E222,Male,24.0,2019-03-22 11:03,Secretary_Island/Crossroad
Crossroad-210319_234502-S330-E346,Male,16.0,2019-03-22 12:50,Secretary_Island/Crossroad
Crossroad-210319_234502-S367-E380,Male,13.0,2019-03-22 12:51,Secretary_Island/Crossroad
Crossroad-210319_234502-S381-E404,Male,23.0,2019-03-22 12:51,Secretary_Island/Crossroad
Crossroad-210319_234502-S600-E610,Male,10.0,2019-03-22 12:55,Secretary_Island/Crossroad
Crossroad-210319_234502-S795-E808,Male,13.0,2019-03-22 12:58,Secretary_Island/Crossroad
Crossroad-210419_220001-S327-E334,Male,7.0,2019-04-22 10:05,Secretary_Island/Crossroad
Crossroad-210419_233002-S59-E89,Male,30.0,2019-04-22 11:31,Secretary_Island/Crossroad
Crossroad-210419_234502-S660-E684,Male,24.0,2019-04-22 11:56,Secretary_Island/Crossroad
Crossroad-220220_220001-S173-E197,Male,24.0,2020-02-23 11:02,Secretary_Island/Crossroad
Crossroad-220220_220001-S538-E565,Male,27.0,2020-02-23 11:08,Secretary_Island/Crossroad
Crossroad-220220_224502-S268-E298,Male,30.0,2020-02-23 11:49,Secretary_Island/Crossroad
Crossroad-220319_221502-S193-E220,Male,27.0,2019-03-23 11:18,Secretary_Island/Crossroad
Crossroad-220319_233002-S776-E791,Male,15.0,2019-03-23 12:42,Secretary_Island/Crossroad
Crossroad-220319_233002-S808-E824,Male,16.0,2019-03-23 12:43,Secretary_Island/Crossroad
Crossroad-220320_221502-S714-E741,Male,27.0,2020-03-23 11:26,Secretary_Island/Crossroad
Crossroad-220320_234502-S470-E497,Male,27.0,2020-03-23 12:52,Secretary_Island/Crossroad
Crossroad-220419_223002-S64-E85,Male,21.0,2019-04-23 10:31,Secretary_Island/Crossroad
Crossroad-220419_234502-S478-E491,Male,13.0,2019-04-23 11:53,Secretary_Island/Crossroad
Crossroad-220419_234502-S642-E649,Male,7.0,2019-04-23 11:55,Secretary_Island/Crossroad
Crossroad-230220_220001-S158-E170,Male,12.0,2020-02-24 11:02,Secretary_Island/Crossroad
Crossroad-230220_230002-S482-E509,Male,27.0,2020-02-24 12:08,Secretary_Island/Crossroad
Crossroad-230220_230002-S539-E557,Male,18.0,2020-02-24 12:09,Secretary_Island/Crossroad
Crossroad-230220_233002-S102-E120,Male,18.0,2020-02-24 12:31,Secretary_Island/Crossroad
Crossroad-230220_233002-S31-E58,Male,27.0,2020-02-24 12:30,Secretary_Island/Crossroad
Crossroad-230220_233002-S619-E635,Male,16.0,2020-02-24 12:40,Secretary_Island/Crossroad
Crossroad-230318_233002-S133-E149,Male,16.0,2018-03-24 12:32,Secretary_Island/Crossroad
Crossroad-230319_230002-S56-E77,Male,21.0,2019-03-24 12:00,Secretary_Island/Crossroad
Crossroad-230320_224502-S392-E398,Female,6.0,2020-03-24 11:51,Secretary_Island/Crossroad
Crossroad-230320_224502-S410-E419,Male,9.0,2020-03-24 11:51,Secretary_Island/Crossroad
Crossroad-230320_230002-S175-E190,Female,15.0,2020-03-24 12:02,Secretary_Island/Crossroad
Crossroad-230320_233002-S324-E339,Female,15.0,2020-03-24 12:35,Secretary_Island/Crossroad
Crossroad-230320_234502-S872-E890,Female,18.0,2020-03-24 12:59,Secretary_Island/Crossroad
Crossroad-230419_221502-S853-E871,Male,18.0,2019-04-24 10:29,Secretary_Island/Crossroad
Crossroad-230419_234502-S186-E216,Male,30.0,2019-04-24 11:48,Secretary_Island/Crossroad
Crossroad-240220_224502-S339-E352,Male,13.0,2020-02-25 11:50,Secretary_Island/Crossroad
Crossroad-240220_230002-S657-E681,Male,24.0,2020-02-25 12:10,Secretary_Island/Crossroad
Crossroad-240220_234502-S1-E22,Male,21.0,2020-02-25 12:45,Secretary_Island/Crossroad
Crossroad-240220_234502-S193-E203,Female,10.0,2020-02-25 12:48,Secretary_Island/Crossroad
Crossroad-240318_233002-S2-E17,Male,15.0,2018-03-25 12:30,Secretary_Island/Crossroad
Crossroad-240318_233002-S594-E621,Male,27.0,2018-03-25 12:39,Secretary_Island/Crossroad
Crossroad-240319_220001-S673-E685,Male,12.0,2019-03-25 11:11,Secretary_Island/Crossroad
Crossroad-240319_224502-S640-E655,Male,15.0,2019-03-25 11:55,Secretary_Island/Crossroad
Crossroad-240320_221502-S671-E687,Male,16.0,2020-03-25 11:26,Secretary_Island/Crossroad
Crossroad-240320_230002-S804-E810,Male,6.0,2020-03-25 12:13,Secretary_Island/Crossroad
Crossroad-240320_230002-S813-E831,Male,18.0,2020-03-25 12:13,Secretary_Island/Crossroad
Crossroad-240320_231502-S640-E661,Male,21.0,2020-03-25 12:25,Secretary_Island/Crossroad
Crossroad-240320_233002-S841-E869,Male,28.0,2020-03-25 12:44,Secretary_Island/Crossroad
Crossroad-240320_234502-S617-E630,Male,13.0,2020-03-25 12:55,Secretary_Island/Crossroad
Crossroad-240419_224502-S756-E780,Male,24.0,2019-04-25 10:57,Secretary_Island/Crossroad
Crossroad-240419_230002-S362-E378,Male,16.0,2019-04-25 11:06,Secretary_Island/Crossroad
Crossroad-250220_223002-S248-E255,Male,7.0,2020-02-26 11:34,Secretary_Island/Crossroad
Crossroad-250220_230002-S595-E622,Male,27.0,2020-02-26 12:09,Secretary_Island/Crossroad
Crossroad-250220_230002-S728-E752,Male,24.0,2020-02-26 12:12,Secretary_Island/Crossroad
Crossroad-250220_231502-S560-E578,Male,18.0,2020-02-26 12:24,Secretary_Island/Crossroad
Crossroad-250220_231502-S589-E596,Female,7.0,2020-02-26 12:24,Secretary_Island/Crossroad
Crossroad-250220_234502-S420-E444,Male,24.0,2020-02-26 12:52,Secretary_Island/Crossroad
Crossroad-250318_221502-S585-E592,Male,7.0,2018-03-26 11:24,Secretary_Island/Crossroad
Crossroad-250320_223002-S557-E581,Female,24.0,2020-03-26 11:39,Secretary_Island/Crossroad
Crossroad-250320_231502-S418-E424,Male,6.0,2020-03-26 12:22,Secretary_Island/Crossroad
Crossroad-250320_231502-S444-E454,Female,10.0,2020-03-26 12:22,Secretary_Island/Crossroad
Crossroad-270220_221503-S514-E524,Male,10.0,2020-02-28 11:23,Secretary_Island/Crossroad
Crossroad-270220_221503-S529-E536,Male,7.0,2020-02-28 11:23,Secretary_Island/Crossroad
Crossroad-270220_223002-S734-E758,Male,24.0,2020-02-28 11:42,Secretary_Island/Crossroad
Crossroad-270220_233002-S229-E236,Male,7.0,2020-02-28 12:33,Secretary_Island/Crossroad
Crossroad-270220_233002-S744-E760,Male,16.0,2020-02-28 12:42,Secretary_Island/Crossroad
Crossroad-270220_233002-S762-E772,Male,10.0,2020-02-28 12:42,Secretary_Island/Crossroad
Crossroad-270319_230002-S487-E507,Male,20.0,2019-03-28 12:08,Secretary_Island/Crossroad
Crossroad-270319_233002-S105-E123,Male,18.0,2019-03-28 12:31,Secretary_Island/Crossroad
Crossroad-270319_233002-S79-E92,Male,13.0,2019-03-28 12:31,Secretary_Island/Crossroad
Crossroad-270319_233002-S869-E884,Male,15.0,2019-03-28 12:44,Secretary_Island/Crossroad
Crossroad-270319_233002-S887-E898,Male,11.0,2019-03-28 12:44,Secretary_Island/Crossroad
Crossroad-270319_233002-S96-E102,Male,6.0,2019-03-28 12:31,Secretary_Island/Crossroad
Crossroad-270319_234502-S12-E28,Male,16.0,2019-03-28 12:45,Secretary_Island/Crossroad
Crossroad-270319_234502-S48-E58,Male,10.0,2019-03-28 12:45,Secretary_Island/Crossroad
Crossroad-270319_234502-S866-E893,Male,27.0,2019-03-28 12:59,Secretary_Island/Crossroad
Crossroad-270320_221502-S142-E169,Male,27.0,2020-03-28 11:17,Secretary_Island/Crossroad
Crossroad-270320_231502-S664-E676,Male,12.0,2020-03-28 12:26,Secretary_Island/Crossroad
Crossroad-270320_231502-S679-E685,Male,6.0,2020-03-28 12:26,Secretary_Island/Crossroad
Crossroad-270320_231502-S770-E791,Male,21.0,2020-03-28 12:27,Secretary_Island/Crossroad
Crossroad-270419_220001-S124-E134,Male,10.0,2019-04-28 10:02,Secretary_Island/Crossroad
Crossroad-270419_220001-S140-E158,Male,18.0,2019-04-28 10:02,Secretary_Island/Crossroad
Crossroad-270419_220001-S172-E215,Male,43.0,2019-04-28 10:02,Secretary_Island/Crossroad
Crossroad-270419_220001-S427-E437,Male,10.0,2019-04-28 10:07,Secretary_Island/Crossroad
Crossroad-270419_231502-S505-E512,Female,7.0,2019-04-28 11:23,Secretary_Island/Crossroad
Crossroad-270419_231502-S510-E517,Male,7.0,2019-04-28 11:23,Secretary_Island/Crossroad
Crossroad-270419_234502-S446-E467,Male,21.0,2019-04-28 11:52,Secretary_Island/Crossroad
Crossroad-280220_224502-S483-E493,Male,10.0,2020-02-29 11:53,Secretary_Island/Crossroad
Crossroad-280318_220001-S284-E310,Male,26.0,2018-03-29 11:04,Secretary_Island/Crossroad
Crossroad-280318_234502-S184-E191,Male,7.0,2018-03-29 12:48,Secretary_Island/Crossroad
Crossroad-280318_234502-S360-E383,Male,23.0,2018-03-29 12:51,Secretary_Island/Crossroad
Crossroad-280318_234502-S501-E511,Male,10.0,2018-03-29 12:53,Secretary_Island/Crossroad
Crossroad-280319_221502-S17-E33,Male,16.0,2019-03-29 11:15,Secretary_Island/Crossroad
Crossroad-280319_230002-S683-E699,Male,16.0,2019-03-29 12:11,Secretary_Island/Crossroad
Crossroad-280320_223002-S488-E494,Female,6.0,2020-03-29 11:38,Secretary_Island/Crossroad
Crossroad-280320_230002-S303-E330,Male,27.0,2020-03-29 12:05,Secretary_Island/Crossroad
Crossroad-290220_221502-S515-E539,Male,24.0,2020-03-01 11:23,Secretary_Island/Crossroad
Crossroad-290220_233002-S792-E814,Male,22.0,2020-03-01 12:43,Secretary_Island/Crossroad
Crossroad-290319_223002-S55-E65,Female,10.0,2019-03-30 11:30,Secretary_Island/Crossroad
Crossroad-290319_230002-S461-E467,Male,6.0,2019-03-30 12:07,Secretary_Island/Crossroad
Crossroad-290319_231502-S553-E571,Male,18.0,2019-03-30 12:24,Secretary_Island/Crossroad
Crossroad-290320_220001-S178-E205,Male,27.0,2020-03-30 11:02,Secretary_Island/Crossroad
Crossroad-290320_221502-S219-E237,Male,18.0,2020-03-30 11:18,Secretary_Island/Crossroad
Crossroad-290320_221502-S235-E253,Female,18.0,2020-03-30 11:18,Secretary_Island/Crossroad
Crossroad-290320_221502-S262-E268,Female,6.0,2020-03-30 11:19,Secretary_Island/Crossroad
Crossroad-290320_221502-S279-E303,Male,24.0,2020-03-30 11:19,Secretary_Island/Crossroad
Crossroad-290320_221502-S480-E501,Male,21.0,2020-03-30 11:23,Secretary_Island/Crossroad
Crossroad-290320_224502-S689-E713,Male,24.0,2020-03-30 11:56,Secretary_Island/Crossroad
Crossroad-290419_220001-S446-E469,Female,23.0,2019-04-30 10:07,Secretary_Island/Crossroad
Crossroad-290419_220001-S724-E747,Male,23.0,2019-04-30 10:12,Secretary_Island/Crossroad
Crossroad-290419_230002-S103-E124,Male,21.0,2019-04-30 11:01,Secretary_Island/Crossroad
Crossroad-290419_230002-S398-E434,Male,36.0,2019-04-30 11:06,Secretary_Island/Crossroad
Crossroad-290419_234502-S535-E553,Male,18.0,2019-04-30 11:53,Secretary_Island/Crossroad
Crossroad-300320_220001-S705-E723,Male,18.0,2020-03-31 11:11,Secretary_Island/Crossroad
Crossroad-300419_220001-S395-E404,Female,9.0,2019-05-01 10:06,Secretary_Island/Crossroad
Crossroad-300419_220001-S405-E423,Male,18.0,2019-05-01 10:06,Secretary_Island/Crossroad
Crossroad-300419_224502-S662-E686,Male,24.0,2019-05-01 10:56,Secretary_Island/Crossroad
Crossroad-310318_220001-S578-E602,Male,24.0,2018-04-01 10:09,Secretary_Island/Crossroad
Crossroad-310318_231502-S520-E536,Male,16.0,2018-04-01 11:23,Secretary_Island/Crossroad
Crossroad-310318_231502-S570-E592,Male,22.0,2018-04-01 11:24,Secretary_Island/Crossroad
Crossroad-310318_234502-S10-E23,Male,13.0,2018-04-01 11:45,Secretary_Island/Crossroad
Crossroad-310320_220001-S141-E154,Male,13.0,2020-04-01 11:02,Secretary_Island/Crossroad
Crossroad-310320_220001-S162-E180,Male,18.0,2020-04-01 11:02,Secretary_Island/Crossroad
Crossroad-310320_220001-S22-E35,Male,13.0,2020-04-01 11:00,Secretary_Island/Crossroad
Crossroad-310320_220001-S576-E583,Male,7.0,2020-04-01 11:09,Secretary_Island/Crossroad
Crossroad-310320_224502-S117-E135,Male,18.0,2020-04-01 11:46,Secretary_Island/Crossroad
Grono-010419_221503-S861-E877,Male,16.0,2019-04-02 11:29,Secretary_Island/Grono
Grono-010419_221503-S881-E897,Male,16.0,2019-04-02 11:29,Secretary_Island/Grono
Grono-010519_224502-S198-E205,Male,7.0,2019-05-02 10:48,Secretary_Island/Grono
Grono-010519_233002-S775-E784,Male,9.0,2019-05-02 11:42,Secretary_Island/Grono
Grono-010519_234502-S105-E117,Female,12.0,2019-05-02 11:46,Secretary_Island/Grono
Grono-010519_234502-S114-E123,Male,9.0,2019-05-02 11:46,Secretary_Island/Grono
Grono-010519_234502-S129-E144,Male,15.0,2019-05-02 11:47,Secretary_Island/Grono
Grono-010519_234502-S5-E20,Male,15.0,2019-05-02 11:45,Secretary_Island/Grono
Grono-020419_221503-S354-E366,Female,12.0,2019-04-03 11:20,Secretary_Island/Grono
Grono-020419_230002-S839-E860,Male,21.0,2019-04-03 12:14,Secretary_Island/Grono
Grono-020519_230002-S597-E612,Male,15.0,2019-05-03 11:09,Secretary_Island/Grono
Grono-020519_230002-S672-E681,Female,9.0,2019-05-03 11:11,Secretary_Island/Grono
Grono-020519_230002-S684-E693,Female,9.0,2019-05-03 11:11,Secretary_Island/Grono
Grono-020519_230002-S691-E704,Male,13.0,2019-05-03 11:11,Secretary_Island/Grono
Grono-020519_233002-S210-E231,Male,21.0,2019-05-03 11:33,Secretary_Island/Grono
Grono-020519_233002-S680-E707,Male,27.0,2019-05-03 11:41,Secretary_Island/Grono
Grono-030419_220001-S502-E510,Female,8.0,2019-04-04 11:08,Secretary_Island/Grono
Grono-030419_220001-S531-E555,Male,24.0,2019-04-04 11:08,Secretary_Island/Grono
Grono-030419_223003-S510-E516,Male,6.0,2019-04-04 11:38,Secretary_Island/Grono
Grono-030419_233002-S374-E386,Male,12.0,2019-04-04 12:36,Secretary_Island/Grono
Grono-030419_234502-S255-E261,Male,6.0,2019-04-04 12:49,Secretary_Island/Grono
Grono-030419_234502-S313-E319,Male,6.0,2019-04-04 12:50,Secretary_Island/Grono
Grono-030419_234502-S322-E331,Male,9.0,2019-04-04 12:50,Secretary_Island/Grono
Grono-030419_234502-S384-E414,Male,30.0,2019-04-04 12:51,Secretary_Island/Grono
Grono-030519_220001-S666-E678,Male,12.0,2019-05-04 10:11,Secretary_Island/Grono
Grono-030519_224502-S648-E660,Male,12.0,2019-05-04 10:55,Secretary_Island/Grono
Grono-030519_224502-S663-E678,Male,15.0,2019-05-04 10:56,Secretary_Island/Grono
Grono-030519_233003-S524-E533,Male,9.0,2019-05-04 11:38,Secretary_Island/Grono
Grono-040419_231502-S285-E292,Male,7.0,2019-04-05 12:19,Secretary_Island/Grono
Grono-050419_221503-S692-E713,Male,21.0,2019-04-06 11:26,Secretary_Island/Grono
Grono-050419_223003-S617-E623,Male,6.0,2019-04-06 11:40,Secretary_Island/Grono
Grono-050419_224502-S251-E263,Male,12.0,2019-04-06 11:49,Secretary_Island/Grono
Grono-050419_224502-S780-E801,Male,21.0,2019-04-06 11:58,Secretary_Island/Grono
Grono-050419_224502-S841-E859,Female,18.0,2019-04-06 11:59,Secretary_Island/Grono
Grono-050419_230002-S243-E249,Male,6.0,2019-04-06 12:04,Secretary_Island/Grono
Grono-050419_233002-S197-E204,Male,7.0,2019-04-06 12:33,Secretary_Island/Grono
Grono-050519_220001-S121-E133,Male,12.0,2019-05-06 10:02,Secretary_Island/Grono
Grono-050519_220001-S80-E100,Male,20.0,2019-05-06 10:01,Secretary_Island/Grono
Grono-060419_220001-S221-E233,Female,12.0,2019-04-07 10:03,Secretary_Island/Grono
Grono-060419_220001-S232-E262,Male,30.0,2019-04-07 10:03,Secretary_Island/Grono
Grono-060419_220001-S597-E609,Female,12.0,2019-04-07 10:09,Secretary_Island/Grono
Grono-060419_220001-S608-E638,Male,30.0,2019-04-07 10:10,Secretary_Island/Grono
Grono-060419_220001-S818-E839,Male,21.0,2019-04-07 10:13,Secretary_Island/Grono
Grono-060419_221503-S680-E690,Male,10.0,2019-04-07 10:26,Secretary_Island/Grono
Grono-060419_224502-S372-E393,Male,21.0,2019-04-07 10:51,Secretary_Island/Grono
Grono-060419_233002-S377-E401,Male,24.0,2019-04-07 11:36,Secretary_Island/Grono
Grono-060419_233002-S427-E439,Male,12.0,2019-04-07 11:37,Secretary_Island/Grono
Grono-060419_233002-S629-E650,Male,21.0,2019-04-07 11:40,Secretary_Island/Grono
Grono-060419_234502-S382-E400,Male,18.0,2019-04-07 11:51,Secretary_Island/Grono
Grono-060519_220001-S777-E793,Male,16.0,2019-05-07 10:12,Secretary_Island/Grono
Grono-060519_221503-S148-E155,Male,7.0,2019-05-07 10:17,Secretary_Island/Grono
Grono-060519_221503-S447-E471,Male,24.0,2019-05-07 10:22,Secretary_Island/Grono
Grono-060519_221503-S477-E486,Female,9.0,2019-05-07 10:23,Secretary_Island/Grono
Grono-060519_221503-S485-E503,Male,18.0,2019-05-07 10:23,Secretary_Island/Grono
Grono-060519_221503-S518-E533,Male,15.0,2019-05-07 10:23,Secretary_Island/Grono
Grono-060519_221503-S536-E551,Male,15.0,2019-05-07 10:23,Secretary_Island/Grono
Grono-060519_223003-S421-E427,Female,6.0,2019-05-07 10:37,Secretary_Island/Grono
Grono-060519_223003-S429-E450,Male,21.0,2019-05-07 10:37,Secretary_Island/Grono
Grono-060519_223003-S715-E722,Male,7.0,2019-05-07 10:41,Secretary_Island/Grono
Grono-060519_224502-S34-E44,Male,10.0,2019-05-07 10:45,Secretary_Island/Grono
Grono-060519_231502-S205-E235,Male,30.0,2019-05-07 11:18,Secretary_Island/Grono
Grono-070419_221503-S136-E148,Male,12.0,2019-04-08 10:17,Secretary_Island/Grono
Grono-070419_221503-S166-E196,Male,30.0,2019-04-08 10:17,Secretary_Island/Grono
Grono-070419_221503-S82-E95,Male,13.0,2019-04-08 10:16,Secretary_Island/Grono
Grono-070419_230002-S283-E310,Male,27.0,2019-04-08 11:04,Secretary_Island/Grono
Grono-070419_230002-S430-E445,Male,15.0,2019-04-08 11:07,Secretary_Island/Grono
Grono-070419_230002-S458-E473,Female,15.0,2019-04-08 11:07,Secretary_Island/Grono
Grono-070419_230002-S475-E493,Male,18.0,2019-04-08 11:07,Secretary_Island/Grono
Grono-070419_230002-S682-E697,Male,15.0,2019-04-08 11:11,Secretary_Island/Grono
Grono-070419_230002-S700-E709,Male,9.0,2019-04-08 11:11,Secretary_Island/Grono
Grono-070419_231502-S783-E804,Male,21.0,2019-04-08 11:28,Secretary_Island/Grono
Grono-070519_224503-S100-E118,Male,18.0,2019-05-08 10:46,Secretary_Island/Grono
Grono-070519_231502-S788-E794,Male,6.0,2019-05-08 11:28,Secretary_Island/Grono
Grono-070519_233002-S246-E252,Male,6.0,2019-05-08 11:34,Secretary_Island/Grono
Grono-080318_221504-S636-E642,Male,6.0,2018-03-09 11:25,Secretary_Island/Grono
Grono-080318_233003-S408-E438,Male,30.0,2018-03-09 12:36,Secretary_Island/Grono
Grono-080419_221503-S590-E608,Male,18.0,2019-04-09 10:24,Secretary_Island/Grono
Grono-080419_223003-S380-E386,Male,6.0,2019-04-09 10:36,Secretary_Island/Grono
Grono-080419_223003-S832-E847,Male,15.0,2019-04-09 10:43,Secretary_Island/Grono
Grono-080419_231502-S329-E343,Male,14.0,2019-04-09 11:20,Secretary_Island/Grono
Grono-080419_231502-S356-E363,Male,7.0,2019-04-09 11:20,Secretary_Island/Grono
Grono-080419_233002-S443-E449,Female,6.0,2019-04-09 11:37,Secretary_Island/Grono
Grono-080419_233002-S65-E75,Male,10.0,2019-04-09 11:31,Secretary_Island/Grono
Grono-080519_220001-S635-E653,Male,18.0,2019-05-09 10:10,Secretary_Island/Grono
Grono-090318_223003-S824-E834,Male,10.0,2018-03-10 11:43,Secretary_Island/Grono
Grono-090318_233002-S61-E67,Male,6.0,2018-03-10 12:31,Secretary_Island/Grono
Grono-090318_233002-S70-E79,Male,9.0,2018-03-10 12:31,Secretary_Island/Grono
Grono-090318_233002-S727-E751,Male,24.0,2018-03-10 12:42,Secretary_Island/Grono
Grono-090318_233002-S88-E97,Male,9.0,2018-03-10 12:31,Secretary_Island/Grono
Grono-090419_221503-S839-E857,Male,18.0,2019-04-10 10:29,Secretary_Island/Grono
Grono-090519_220001-S504-E510,Female,6.0,2019-05-10 10:08,Secretary_Island/Grono
Grono-090519_220001-S521-E548,Male,27.0,2019-05-10 10:08,Secretary_Island/Grono
Grono-090519_221503-S623-E641,Female,18.0,2019-05-10 10:25,Secretary_Island/Grono
Grono-090519_221503-S642-E666,Male,24.0,2019-05-10 10:25,Secretary_Island/Grono
Grono-090519_230002-S2-E20,Male,18.0,2019-05-10 11:00,Secretary_Island/Grono
Grono-090519_230002-S24-E36,Female,12.0,2019-05-10 11:00,Secretary_Island/Grono
Grono-090519_230002-S39-E45,Female,6.0,2019-05-10 11:00,Secretary_Island/Grono
Grono-090519_231503-S217-E230,Male,13.0,2019-05-10 11:18,Secretary_Island/Grono
Grono-090519_231503-S272-E279,Male,7.0,2019-05-10 11:19,Secretary_Island/Grono
Grono-090519_231503-S656-E663,Male,7.0,2019-05-10 11:25,Secretary_Island/Grono
Grono-090519_234502-S483-E513,Male,30.0,2019-05-10 11:53,Secretary_Island/Grono
Grono-100419_220001-S230-E239,Female,9.0,2019-04-11 10:03,Secretary_Island/Grono
Grono-100419_220001-S242-E248,missing,6.0,2019-04-11 10:04,Secretary_Island/Grono
Grono-100519_220001-S792-E808,Male,16.0,2019-05-11 10:13,Secretary_Island/Grono
Grono-100519_221503-S208-E231,missing,23.0,2019-05-11 10:18,Secretary_Island/Grono
Grono-100519_224502-S159-E171,missing,12.0,2019-05-11 10:47,Secretary_Island/Grono
Grono-100519_231502-S666-E673,missing,7.0,2019-05-11 11:26,Secretary_Island/Grono
Grono-100519_231502-S672-E679,missing,7.0,2019-05-11 11:26,Secretary_Island/Grono
Grono-100519_231502-S681-E688,missing,7.0,2019-05-11 11:26,Secretary_Island/Grono
Grono-110419_220001-S285-E295,missing,10.0,2019-04-12 10:04,Secretary_Island/Grono
Grono-110419_220001-S814-E820,missing,6.0,2019-04-12 10:13,Secretary_Island/Grono
Grono-110419_220001-S823-E829,missing,6.0,2019-04-12 10:13,Secretary_Island/Grono
Grono-110419_220001-S837-E858,missing,21.0,2019-04-12 10:13,Secretary_Island/Grono
Grono-110419_230002-S491-E506,missing,15.0,2019-04-12 11:08,Secretary_Island/Grono
Grono-110419_231502-S215-E236,missing,21.0,2019-04-12 11:18,Secretary_Island/Grono
Grono-110419_231502-S264-E273,Male,9.0,2019-04-12 11:19,Secretary_Island/Grono
Grono-110419_234502-S277-E284,Female,7.0,2019-04-12 11:49,Secretary_Island/Grono
Grono-110419_234502-S286-E296,Female,10.0,2019-04-12 11:49,Secretary_Island/Grono
Grono-110419_234502-S299-E308,Male,9.0,2019-04-12 11:50,Secretary_Island/Grono
Grono-110419_234502-S323-E329,Male,6.0,2019-04-12 11:50,Secretary_Island/Grono
Grono-110419_234502-S891-E898,Male,7.0,2019-04-12 11:59,Secretary_Island/Grono
Grono-110519_220001-S465-E471,Male,6.0,2019-05-12 10:07,Secretary_Island/Grono
Grono-120419_220001-S295-E325,Male,30.0,2019-04-13 10:04,Secretary_Island/Grono
Grono-120419_220001-S340-E347,Male,7.0,2019-04-13 10:05,Secretary_Island/Grono
Grono-120419_224502-S434-E458,Male,24.0,2019-04-13 10:52,Secretary_Island/Grono
Grono-120419_233002-S19-E28,Male,9.0,2019-04-13 11:30,Secretary_Island/Grono
Grono-120419_233002-S34-E46,Male,12.0,2019-04-13 11:30,Secretary_Island/Grono
Grono-120419_233002-S431-E449,Male,18.0,2019-04-13 11:37,Secretary_Island/Grono
Grono-120419_233002-S52-E61,Male,9.0,2019-04-13 11:30,Secretary_Island/Grono
Grono-120419_233002-S881-E897,Male,16.0,2019-04-13 11:44,Secretary_Island/Grono
Grono-120519_224502-S541-E547,Male,6.0,2019-05-13 10:54,Secretary_Island/Grono
Grono-120519_224502-S559-E565,Male,6.0,2019-05-13 10:54,Secretary_Island/Grono
Grono-130419_220001-S379-E391,Female,12.0,2019-04-14 10:06,Secretary_Island/Grono
Grono-130419_220001-S575-E596,Male,21.0,2019-04-14 10:09,Secretary_Island/Grono
Grono-130419_223003-S828-E834,Male,6.0,2019-04-14 10:43,Secretary_Island/Grono
Grono-130419_223003-S869-E890,Male,21.0,2019-04-14 10:44,Secretary_Island/Grono
Grono-130519_220001-S142-E165,Male,23.0,2019-05-14 10:02,Secretary_Island/Grono
Grono-130519_224502-S606-E612,Male,6.0,2019-05-14 10:55,Secretary_Island/Grono
Grono-140419_223003-S111-E132,Male,21.0,2019-04-15 10:31,Secretary_Island/Grono
Grono-140419_224502-S802-E826,Male,24.0,2019-04-15 10:58,Secretary_Island/Grono
Grono-140419_234502-S530-E545,Female,15.0,2019-04-15 11:53,Secretary_Island/Grono
Grono-140419_234502-S544-E565,Male,21.0,2019-04-15 11:54,Secretary_Island/Grono
Grono-140519_230002-S574-E589,Male,15.0,2019-05-15 11:09,Secretary_Island/Grono
Grono-150319_220001-S809-E830,Male,21.0,2019-03-16 11:13,Secretary_Island/Grono
Grono-150319_221503-S858-E876,Male,18.0,2019-03-16 11:29,Secretary_Island/Grono
Grono-150319_221503-S881-E890,Female,9.0,2019-03-16 11:29,Secretary_Island/Grono
Grono-150319_223002-S1-E15,Male,14.0,2019-03-16 11:30,Secretary_Island/Grono
Grono-150319_223002-S449-E479,Male,30.0,2019-03-16 11:37,Secretary_Island/Grono
Grono-150319_223002-S790-E806,Male,16.0,2019-03-16 11:43,Secretary_Island/Grono
Grono-150319_224502-S129-E139,Male,10.0,2019-03-16 11:47,Secretary_Island/Grono
Grono-150319_224502-S226-E236,Male,10.0,2019-03-16 11:48,Secretary_Island/Grono
Grono-150319_224502-S241-E254,Male,13.0,2019-03-16 11:49,Secretary_Island/Grono
Grono-150319_224502-S41-E51,Male,10.0,2019-03-16 11:45,Secretary_Island/Grono
Grono-150319_224502-S98-E108,Male,10.0,2019-03-16 11:46,Secretary_Island/Grono
Grono-150319_230002-S109-E115,Female,6.0,2019-03-16 12:01,Secretary_Island/Grono
Grono-150319_230002-S120-E135,Male,15.0,2019-03-16 12:02,Secretary_Island/Grono
Grono-150319_233002-S389-E416,Male,27.0,2019-03-16 12:36,Secretary_Island/Grono
Grono-150419_224502-S663-E681,Male,18.0,2019-04-16 10:56,Secretary_Island/Grono
Grono-150419_230002-S660-E666,Male,6.0,2019-04-16 11:11,Secretary_Island/Grono
Grono-150419_233002-S498-E507,Male,9.0,2019-04-16 11:38,Secretary_Island/Grono
Grono-160319_223002-S65-E80,Female,15.0,2019-03-17 11:31,Secretary_Island/Grono
Grono-160319_224502-S25-E34,Female,9.0,2019-03-17 11:45,Secretary_Island/Grono
Grono-160319_224502-S39-E66,Male,27.0,2019-03-17 11:45,Secretary_Island/Grono
Grono-160319_230002-S690-E699,Female,9.0,2019-03-17 12:11,Secretary_Island/Grono
Grono-160319_230002-S701-E725,Male,24.0,2019-03-17 12:11,Secretary_Island/Grono
Grono-160319_230002-S803-E821,Male,18.0,2019-03-17 12:13,Secretary_Island/Grono
Grono-160319_231502-S726-E744,Male,18.0,2019-03-17 12:27,Secretary_Island/Grono
Grono-160319_233002-S25-E43,Male,18.0,2019-03-17 12:30,Secretary_Island/Grono
Grono-160319_234502-S211-E218,Female,7.0,2019-03-17 12:48,Secretary_Island/Grono
Grono-160419_220001-S422-E428,Male,6.0,2019-04-17 10:07,Secretary_Island/Grono
Grono-160419_221503-S423-E432,Male,9.0,2019-04-17 10:22,Secretary_Island/Grono
Grono-160419_224503-S839-E854,Male,15.0,2019-04-17 10:59,Secretary_Island/Grono
Grono-160419_224503-S869-E881,Male,12.0,2019-04-17 10:59,Secretary_Island/Grono
Grono-160419_230002-S583-E601,Male,18.0,2019-04-17 11:09,Secretary_Island/Grono
Grono-170319_221503-S20-E27,Male,7.0,2019-03-18 11:15,Secretary_Island/Grono
Grono-170419_220001-S782-E809,Male,27.0,2019-04-18 10:13,Secretary_Island/Grono
Grono-170419_221503-S232-E238,Male,6.0,2019-04-18 10:18,Secretary_Island/Grono
Grono-170419_221503-S253-E259,Male,6.0,2019-04-18 10:19,Secretary_Island/Grono
Grono-170419_234502-S165-E186,Male,21.0,2019-04-18 11:47,Secretary_Island/Grono
Grono-170419_234502-S69-E81,Male,12.0,2019-04-18 11:46,Secretary_Island/Grono
Grono-180319_220001-S513-E540,Male,27.0,2019-03-19 11:08,Secretary_Island/Grono
Grono-180319_221503-S336-E351,Male,15.0,2019-03-19 11:20,Secretary_Island/Grono
Grono-180319_221503-S862-E882,Male,20.0,2019-03-19 11:29,Secretary_Island/Grono
Grono-180319_223003-S252-E261,Male,9.0,2019-03-19 11:34,Secretary_Island/Grono
Grono-180319_223003-S426-E444,Male,18.0,2019-03-19 11:37,Secretary_Island/Grono
Grono-180319_231502-S787-E808,Male,21.0,2019-03-19 12:28,Secretary_Island/Grono
Grono-180319_234502-S132-E156,Male,24.0,2019-03-19 12:47,Secretary_Island/Grono
Grono-180419_220001-S110-E128,Male,18.0,2019-04-19 10:01,Secretary_Island/Grono
Grono-180419_220001-S203-E212,Female,9.0,2019-04-19 10:03,Secretary_Island/Grono
Grono-180419_220001-S598-E605,Female,7.0,2019-04-19 10:09,Secretary_Island/Grono
Grono-180419_220001-S610-E631,Male,21.0,2019-04-19 10:10,Secretary_Island/Grono
Grono-180419_220001-S76-E91,Male,15.0,2019-04-19 10:01,Secretary_Island/Grono
Grono-180419_221503-S38-E50,Female,12.0,2019-04-19 10:15,Secretary_Island/Grono
Grono-180419_221503-S50-E77,Male,27.0,2019-04-19 10:15,Secretary_Island/Grono
Grono-180419_223002-S606-E615,Male,9.0,2019-04-19 10:40,Secretary_Island/Grono
Grono-180419_231503-S774-E781,Male,7.0,2019-04-19 11:27,Secretary_Island/Grono
Grono-180419_233002-S704-E711,Male,7.0,2019-04-19 11:41,Secretary_Island/Grono
Grono-190319_220001-S21-E28,Female,7.0,2019-03-20 11:00,Secretary_Island/Grono
Grono-190319_221503-S516-E546,Male,30.0,2019-03-20 11:23,Secretary_Island/Grono
Grono-190319_223002-S544-E565,Male,21.0,2019-03-20 11:39,Secretary_Island/Grono
Grono-190319_224503-S597-E603,Male,6.0,2019-03-20 11:55,Secretary_Island/Grono
Grono-190319_224503-S629-E640,Male,11.0,2019-03-20 11:55,Secretary_Island/Grono
Grono-190319_230002-S334-E361,Male,27.0,2019-03-20 12:05,Secretary_Island/Grono
Grono-190319_231502-S205-E221,Male,16.0,2019-03-20 12:18,Secretary_Island/Grono
Grono-190319_234502-S341-E353,Male,12.0,2019-03-20 12:50,Secretary_Island/Grono
Grono-190419_220001-S482-E489,Male,7.0,2019-04-20 10:08,Secretary_Island/Grono
Grono-190419_223003-S363-E384,Female,21.0,2019-04-20 10:36,Secretary_Island/Grono
Grono-190419_223003-S384-E396,Male,12.0,2019-04-20 10:36,Secretary_Island/Grono
Grono-190419_223003-S399-E411,Male,12.0,2019-04-20 10:36,Secretary_Island/Grono
Grono-190419_223003-S451-E461,Male,10.0,2019-04-20 10:37,Secretary_Island/Grono
Grono-190419_224502-S108-E124,Male,16.0,2019-04-20 10:46,Secretary_Island/Grono
Grono-190419_230002-S107-E123,Male,16.0,2019-04-20 11:01,Secretary_Island/Grono
Grono-190419_230002-S355-E362,missing,7.0,2019-04-20 11:05,Secretary_Island/Grono
Grono-190419_230002-S364-E371,missing,7.0,2019-04-20 11:06,Secretary_Island/Grono
Grono-200319_220001-S333-E357,Male,24.0,2019-03-21 11:05,Secretary_Island/Grono
Grono-200319_230003-S700-E718,Female,18.0,2019-03-21 12:11,Secretary_Island/Grono
Grono-200319_230003-S718-E736,Male,18.0,2019-03-21 12:12,Secretary_Island/Grono
Grono-200419_234502-S58-E67,Female,9.0,2019-04-21 11:46,Secretary_Island/Grono
Grono-200419_234502-S64-E100,Male,36.0,2019-04-21 11:46,Secretary_Island/Grono
Grono-210319_230002-S385-E430,Male,45.0,2019-03-22 12:06,Secretary_Island/Grono
Grono-210319_231502-S721-E727,Male,6.0,2019-03-22 12:27,Secretary_Island/Grono
Grono-210319_231502-S795-E810,Male,15.0,2019-03-22 12:28,Secretary_Island/Grono
Grono-210319_233003-S596-E626,Male,30.0,2019-03-22 12:39,Secretary_Island/Grono
Grono-210319_233003-S629-E641,Male,12.0,2019-03-22 12:40,Secretary_Island/Grono
Grono-210319_234502-S43-E55,Male,12.0,2019-03-22 12:45,Secretary_Island/Grono
Grono-210419_221503-S472-E478,Male,6.0,2019-04-22 10:22,Secretary_Island/Grono
Grono-210419_230002-S510-E522,Male,12.0,2019-04-22 11:08,Secretary_Island/Grono
Grono-210419_230002-S787-E802,Male,15.0,2019-04-22 11:13,Secretary_Island/Grono
Grono-210419_230002-S810-E820,Female,10.0,2019-04-22 11:13,Secretary_Island/Grono
Grono-210419_230002-S838-E844,Male,6.0,2019-04-22 11:14,Secretary_Island/Grono
Grono-210419_231502-S226-E233,Male,7.0,2019-04-22 11:18,Secretary_Island/Grono
Grono-220319_220001-S96-E111,Male,15.0,2019-03-23 11:01,Secretary_Island/Grono
Grono-220319_231502-S266-E275,Female,9.0,2019-03-23 12:19,Secretary_Island/Grono
Grono-220319_231502-S287-E305,Male,18.0,2019-03-23 12:19,Secretary_Island/Grono
Grono-220319_231502-S782-E809,Male,27.0,2019-03-23 12:28,Secretary_Island/Grono
Grono-220319_233002-S503-E515,Male,12.0,2019-03-23 12:38,Secretary_Island/Grono
Grono-220419_221503-S78-E90,Male,12.0,2019-04-23 10:16,Secretary_Island/Grono
Grono-220419_224502-S623-E655,Male,32.0,2019-04-23 10:55,Secretary_Island/Grono
Grono-220419_230002-S174-E207,Male,33.0,2019-04-23 11:02,Secretary_Island/Grono
Grono-220419_230002-S525-E534,Female,9.0,2019-04-23 11:08,Secretary_Island/Grono
Grono-220419_233002-S371-E387,Male,16.0,2019-04-23 11:36,Secretary_Island/Grono
Grono-220419_233002-S600-E612,Male,12.0,2019-04-23 11:40,Secretary_Island/Grono
Grono-220419_233002-S617-E626,Male,9.0,2019-04-23 11:40,Secretary_Island/Grono
Grono-220419_233002-S644-E650,Male,6.0,2019-04-23 11:40,Secretary_Island/Grono
Grono-230419_220001-S314-E321,Male,7.0,2019-04-24 10:05,Secretary_Island/Grono
Grono-230419_220001-S328-E338,Male,10.0,2019-04-24 10:05,Secretary_Island/Grono
Grono-230419_221503-S35-E53,Male,18.0,2019-04-24 10:15,Secretary_Island/Grono
Grono-230419_221503-S493-E514,Male,21.0,2019-04-24 10:23,Secretary_Island/Grono
Grono-230419_221503-S727-E751,Male,24.0,2019-04-24 10:27,Secretary_Island/Grono
Grono-230419_223003-S759-E783,Male,24.0,2019-04-24 10:42,Secretary_Island/Grono
Grono-230419_231502-S882-E897,Male,15.0,2019-04-24 11:29,Secretary_Island/Grono
Grono-230419_233002-S1-E12,Male,11.0,2019-04-24 11:30,Secretary_Island/Grono
Grono-230419_234502-S328-E349,Male,21.0,2019-04-24 11:50,Secretary_Island/Grono
Grono-240419_220001-S405-E429,Male,24.0,2019-04-25 10:06,Secretary_Island/Grono
Grono-240419_221503-S544-E571,Male,27.0,2019-04-25 10:24,Secretary_Island/Grono
Grono-240419_221503-S574-E580,Female,6.0,2019-04-25 10:24,Secretary_Island/Grono
Grono-240419_221503-S580-E604,Male,24.0,2019-04-25 10:24,Secretary_Island/Grono
Grono-240419_223002-S126-E144,Male,18.0,2019-04-25 10:32,Secretary_Island/Grono
Grono-240419_223002-S162-E174,Female,12.0,2019-04-25 10:32,Secretary_Island/Grono
Grono-240419_223002-S173-E197,Male,24.0,2019-04-25 10:32,Secretary_Island/Grono
Grono-240419_224502-S353-E377,Male,24.0,2019-04-25 10:50,Secretary_Island/Grono
Grono-240419_224502-S4-E28,Male,24.0,2019-04-25 10:45,Secretary_Island/Grono
Grono-240419_224502-S562-E589,Male,27.0,2019-04-25 10:54,Secretary_Island/Grono
Grono-240419_230003-S436-E448,Male,12.0,2019-04-25 11:07,Secretary_Island/Grono
Grono-240419_230003-S461-E467,Female,6.0,2019-04-25 11:07,Secretary_Island/Grono
Grono-240419_230003-S467-E482,Male,15.0,2019-04-25 11:07,Secretary_Island/Grono
Grono-240419_230003-S485-E497,Male,12.0,2019-04-25 11:08,Secretary_Island/Grono
Grono-240419_231502-S622-E649,Male,27.0,2019-04-25 11:25,Secretary_Island/Grono
Grono-240419_231502-S846-E864,Male,18.0,2019-04-25 11:29,Secretary_Island/Grono
Grono-240419_233002-S658-E668,Male,10.0,2019-04-25 11:41,Secretary_Island/Grono
Grono-240419_233002-S698-E713,Female,15.0,2019-04-25 11:41,Secretary_Island/Grono
Grono-240419_233002-S715-E727,Male,12.0,2019-04-25 11:41,Secretary_Island/Grono
Grono-240419_234502-S247-E262,Male,15.0,2019-04-25 11:49,Secretary_Island/Grono
Grono-240419_234502-S271-E280,Male,9.0,2019-04-25 11:49,Secretary_Island/Grono
Grono-240419_234502-S283-E292,Male,9.0,2019-04-25 11:49,Secretary_Island/Grono
Grono-240419_234502-S647-E671,Male,24.0,2019-04-25 11:55,Secretary_Island/Grono
Grono-240419_234502-S763-E772,Female,9.0,2019-04-25 11:57,Secretary_Island/Grono
Grono-240419_234502-S771-E777,Male,6.0,2019-04-25 11:57,Secretary_Island/Grono
Grono-240419_234502-S782-E798,Male,16.0,2019-04-25 11:58,Secretary_Island/Grono
Grono-250419_233002-S671-E683,Male,12.0,2019-04-26 11:41,Secretary_Island/Grono
Grono-260319_224503-S317-E341,Male,24.0,2019-03-27 11:50,Secretary_Island/Grono
Grono-260319_231502-S367-E374,Male,7.0,2019-03-27 12:21,Secretary_Island/Grono
Grono-260319_234502-S744-E757,Male,13.0,2019-03-27 12:57,Secretary_Island/Grono
Grono-260319_234502-S759-E772,Male,13.0,2019-03-27 12:57,Secretary_Island/Grono
Grono-260319_234502-S780-E787,Male,7.0,2019-03-27 12:58,Secretary_Island/Grono
Grono-260319_234502-S794-E821,Male,27.0,2019-03-27 12:58,Secretary_Island/Grono
Grono-270319_224502-S346-E358,Male,12.0,2019-03-28 11:50,Secretary_Island/Grono
Grono-270319_224502-S370-E383,Male,13.0,2019-03-28 11:51,Secretary_Island/Grono
Grono-270319_230002-S325-E335,Male,10.0,2019-03-28 12:05,Secretary_Island/Grono
Grono-270319_231503-S843-E849,Male,6.0,2019-03-28 12:29,Secretary_Island/Grono
Grono-270319_233002-S189-E204,Female,15.0,2019-03-28 12:33,Secretary_Island/Grono
Grono-270319_233002-S595-E610,Male,15.0,2019-03-28 12:39,Secretary_Island/Grono
Grono-270319_234502-S446-E454,Male,8.0,2019-03-28 12:52,Secretary_Island/Grono
Grono-270319_234502-S707-E714,Male,7.0,2019-03-28 12:56,Secretary_Island/Grono
Grono-270419_224502-S573-E583,Male,10.0,2019-04-28 10:54,Secretary_Island/Grono
Grono-280319_231502-S696-E705,Female,9.0,2019-03-29 12:26,Secretary_Island/Grono
Grono-280319_231502-S705-E738,Male,33.0,2019-03-29 12:26,Secretary_Island/Grono
Grono-280319_234502-S142-E151,Male,9.0,2019-03-29 12:47,Secretary_Island/Grono
Grono-280319_234502-S154-E160,Male,6.0,2019-03-29 12:47,Secretary_Island/Grono
Grono-280319_234502-S163-E172,Male,9.0,2019-03-29 12:47,Secretary_Island/Grono
Grono-280419_221503-S272-E285,Male,13.0,2019-04-29 10:19,Secretary_Island/Grono
Grono-290319_230002-S874-E886,Male,12.0,2019-03-30 12:14,Secretary_Island/Grono
Grono-290419_220001-S133-E160,Male,27.0,2019-04-30 10:02,Secretary_Island/Grono
Grono-290419_220001-S606-E624,Male,18.0,2019-04-30 10:10,Secretary_Island/Grono
Grono-290419_223003-S551-E569,Male,18.0,2019-04-30 10:39,Secretary_Island/Grono
Grono-290419_224502-S64-E71,Male,7.0,2019-04-30 10:46,Secretary_Island/Grono
Grono-300319_230002-S383-E389,Female,6.0,2019-03-31 12:06,Secretary_Island/Grono
Grono-300319_230002-S407-E416,Male,9.0,2019-03-31 12:06,Secretary_Island/Grono
Grono-300319_234502-S278-E284,Male,6.0,2019-03-31 12:49,Secretary_Island/Grono
Grono-300419_220001-S548-E557,Male,9.0,2019-05-01 10:09,Secretary_Island/Grono
Grono-300419_221503-S103-E118,Male,15.0,2019-05-01 10:16,Secretary_Island/Grono
Grono-300419_221503-S44-E50,Female,6.0,2019-05-01 10:15,Secretary_Island/Grono
Grono-300419_221503-S53-E59,Male,6.0,2019-05-01 10:15,Secretary_Island/Grono
Grono-300419_221503-S74-E86,Male,12.0,2019-05-01 10:16,Secretary_Island/Grono
Grono-300419_234502-S310-E337,Male,27.0,2019-05-01 11:50,Secretary_Island/Grono
Lake_Sec-010418_224502-S246-E259,Male,13.0,2018-04-02 10:49,Secretary_Island/Lake_Sec
Lake_Sec-010418_230002-S454-E466,Male,12.0,2018-04-02 11:07,Secretary_Island/Lake_Sec
Lake_Sec-010419_234502-S469-E493,Male,24.0,2019-04-02 12:52,Secretary_Island/Lake_Sec
Lake_Sec-010518_230002-S564-E585,Male,21.0,2018-05-02 11:09,Secretary_Island/Lake_Sec
Lake_Sec-010518_231502-S603-E627,Male,24.0,2018-05-02 11:25,Secretary_Island/Lake_Sec
Lake_Sec-010518_231502-S747-E771,Male,24.0,2018-05-02 11:27,Secretary_Island/Lake_Sec
Lake_Sec-010519_223002-S702-E712,Male,10.0,2019-05-02 10:41,Secretary_Island/Lake_Sec
Lake_Sec-020419_221502-S4-E24,Male,20.0,2019-04-03 11:15,Secretary_Island/Lake_Sec
Lake_Sec-020419_223002-S65-E72,Male,7.0,2019-04-03 11:31,Secretary_Island/Lake_Sec
Lake_Sec-020419_223002-S810-E825,Male,15.0,2019-04-03 11:43,Secretary_Island/Lake_Sec
Lake_Sec-020419_224502-S362-E375,Male,13.0,2019-04-03 11:51,Secretary_Island/Lake_Sec
Lake_Sec-020419_224502-S706-E715,Male,9.0,2019-04-03 11:56,Secretary_Island/Lake_Sec
Lake_Sec-020419_233002-S684-E693,Male,9.0,2019-04-03 12:41,Secretary_Island/Lake_Sec
Lake_Sec-020419_234502-S367-E397,Male,30.0,2019-04-03 12:51,Secretary_Island/Lake_Sec
Lake_Sec-020419_234502-S755-E765,Male,10.0,2019-04-03 12:57,Secretary_Island/Lake_Sec
Lake_Sec-020518_220001-S103-E124,Male,21.0,2018-05-03 10:01,Secretary_Island/Lake_Sec
Lake_Sec-020518_220001-S171-E184,Male,13.0,2018-05-03 10:02,Secretary_Island/Lake_Sec
Lake_Sec-020518_220001-S56-E66,Male,10.0,2018-05-03 10:00,Secretary_Island/Lake_Sec
Lake_Sec-020518_224502-S265-E291,Male,26.0,2018-05-03 10:49,Secretary_Island/Lake_Sec
Lake_Sec-020518_224502-S435-E456,Male,21.0,2018-05-03 10:52,Secretary_Island/Lake_Sec
Lake_Sec-020518_224502-S667-E688,Male,21.0,2018-05-03 10:56,Secretary_Island/Lake_Sec
Lake_Sec-020518_224502-S834-E867,Male,33.0,2018-05-03 10:58,Secretary_Island/Lake_Sec
Lake_Sec-020518_230002-S172-E181,Male,9.0,2018-05-03 11:02,Secretary_Island/Lake_Sec
Lake_Sec-020518_230002-S644-E675,Male,31.0,2018-05-03 11:10,Secretary_Island/Lake_Sec
Lake_Sec-020518_234502-S259-E282,Male,23.0,2018-05-03 11:49,Secretary_Island/Lake_Sec
Lake_Sec-020518_234502-S312-E328,Male,16.0,2018-05-03 11:50,Secretary_Island/Lake_Sec
Lake_Sec-020519_221502-S193-E206,Male,13.0,2019-05-03 10:18,Secretary_Island/Lake_Sec
Lake_Sec-020519_230002-S352-E364,Male,12.0,2019-05-03 11:05,Secretary_Island/Lake_Sec
Lake_Sec-020519_231502-S218-E233,Male,15.0,2019-05-03 11:18,Secretary_Island/Lake_Sec
Lake_Sec-020519_233002-S616-E628,Male,12.0,2019-05-03 11:40,Secretary_Island/Lake_Sec
Lake_Sec-020519_234502-S148-E161,Male,13.0,2019-05-03 11:47,Secretary_Island/Lake_Sec
Lake_Sec-020519_234502-S168-E181,Male,13.0,2019-05-03 11:47,Secretary_Island/Lake_Sec
Lake_Sec-030419_224502-S121-E134,Male,13.0,2019-04-04 11:47,Secretary_Island/Lake_Sec
Lake_Sec-030419_230002-S560-E578,Male,18.0,2019-04-04 12:09,Secretary_Island/Lake_Sec
Lake_Sec-030419_234502-S204-E222,Male,18.0,2019-04-04 12:48,Secretary_Island/Lake_Sec
Lake_Sec-030518_234502-S97-E118,Male,21.0,2018-05-04 11:46,Secretary_Island/Lake_Sec
Lake_Sec-030519_234502-S485-E494,Male,9.0,2019-05-04 11:53,Secretary_Island/Lake_Sec
Lake_Sec-040419_224502-S548-E563,Male,15.0,2019-04-05 11:54,Secretary_Island/Lake_Sec
Lake_Sec-040419_224502-S589-E601,Male,12.0,2019-04-05 11:54,Secretary_Island/Lake_Sec
Lake_Sec-040419_231502-S169-E185,Male,16.0,2019-04-05 12:17,Secretary_Island/Lake_Sec
Lake_Sec-040518_223002-S781-E788,Male,7.0,2018-05-05 10:43,Secretary_Island/Lake_Sec
Lake_Sec-050518_231502-S880-E898,Male,18.0,2018-05-06 11:29,Secretary_Island/Lake_Sec
Lake_Sec-050519_231502-S294-E310,Male,16.0,2019-05-06 11:19,Secretary_Island/Lake_Sec
Lake_Sec-060419_220001-S439-E464,Male,25.0,2019-04-07 10:07,Secretary_Island/Lake_Sec
Lake_Sec-060419_221502-S666-E679,Male,13.0,2019-04-07 10:26,Secretary_Island/Lake_Sec
Lake_Sec-060419_224502-S415-E439,Male,24.0,2019-04-07 10:51,Secretary_Island/Lake_Sec
Lake_Sec-060419_234502-S743-E758,Male,15.0,2019-04-07 11:57,Secretary_Island/Lake_Sec
Lake_Sec-060519_220001-S427-E436,Male,9.0,2019-05-07 10:07,Secretary_Island/Lake_Sec
Lake_Sec-060519_220001-S439-E448,Male,9.0,2019-05-07 10:07,Secretary_Island/Lake_Sec
Lake_Sec-060519_221502-S541-E551,Male,10.0,2019-05-07 10:24,Secretary_Island/Lake_Sec
Lake_Sec-060519_224502-S33-E46,Male,13.0,2019-05-07 10:45,Secretary_Island/Lake_Sec
Lake_Sec-060519_230002-S128-E143,Male,15.0,2019-05-07 11:02,Secretary_Island/Lake_Sec
Lake_Sec-060519_230002-S816-E834,Male,18.0,2019-05-07 11:13,Secretary_Island/Lake_Sec
Lake_Sec-060519_231502-S482-E509,Male,27.0,2019-05-07 11:23,Secretary_Island/Lake_Sec
Lake_Sec-070418_231502-S710-E740,Male,30.0,2018-04-08 11:26,Secretary_Island/Lake_Sec
Lake_Sec-070419_220001-S831-E849,Male,18.0,2019-04-08 10:13,Secretary_Island/Lake_Sec
Lake_Sec-070419_220001-S881-E897,Male,16.0,2019-04-08 10:14,Secretary_Island/Lake_Sec
Lake_Sec-070419_221502-S183-E199,Male,16.0,2019-04-08 10:18,Secretary_Island/Lake_Sec
Lake_Sec-070419_221502-S474-E490,Male,16.0,2019-04-08 10:22,Secretary_Island/Lake_Sec
Lake_Sec-070419_223002-S101-E117,Male,16.0,2019-04-08 10:31,Secretary_Island/Lake_Sec
Lake_Sec-070419_230002-S181-E211,Male,30.0,2019-04-08 11:03,Secretary_Island/Lake_Sec
Lake_Sec-070419_233002-S614-E636,Male,22.0,2019-04-08 11:40,Secretary_Island/Lake_Sec
Lake_Sec-070419_233002-S797-E810,Male,13.0,2019-04-08 11:43,Secretary_Island/Lake_Sec
Lake_Sec-070519_223002-S239-E252,Male,13.0,2019-05-08 10:34,Secretary_Island/Lake_Sec
Lake_Sec-070519_223002-S82-E109,Male,27.0,2019-05-08 10:31,Secretary_Island/Lake_Sec
Lake_Sec-070519_224502-S114-E132,Male,18.0,2019-05-08 10:46,Secretary_Island/Lake_Sec
Lake_Sec-070519_230002-S407-E423,Male,16.0,2019-05-08 11:06,Secretary_Island/Lake_Sec
Lake_Sec-070519_234502-S637-E643,Male,6.0,2019-05-08 11:55,Secretary_Island/Lake_Sec
Lake_Sec-070519_234502-S776-E794,Male,18.0,2019-05-08 11:57,Secretary_Island/Lake_Sec
Lake_Sec-070519_234502-S808-E835,Male,27.0,2019-05-08 11:58,Secretary_Island/Lake_Sec
Lake_Sec-080318_230002-S289-E299,Male,10.0,2018-03-09 12:04,Secretary_Island/Lake_Sec
Lake_Sec-080318_230002-S839-E861,Male,22.0,2018-03-09 12:14,Secretary_Island/Lake_Sec
Lake_Sec-080418_231502-S848-E872,Male,24.0,2018-04-09 11:29,Secretary_Island/Lake_Sec
Lake_Sec-080419_224502-S356-E369,Male,13.0,2019-04-09 10:50,Secretary_Island/Lake_Sec
Lake_Sec-080519_223002-S802-E818,Male,16.0,2019-05-09 10:43,Secretary_Island/Lake_Sec
Lake_Sec-080519_224502-S409-E429,Male,20.0,2019-05-09 10:51,Secretary_Island/Lake_Sec
Lake_Sec-090318_220001-S375-E402,Male,27.0,2018-03-10 11:06,Secretary_Island/Lake_Sec
Lake_Sec-090318_220001-S489-E513,Male,24.0,2018-03-10 11:08,Secretary_Island/Lake_Sec
Lake_Sec-090318_221502-S500-E527,Male,27.0,2018-03-10 11:23,Secretary_Island/Lake_Sec
Lake_Sec-090318_221502-S792-E799,Male,7.0,2018-03-10 11:28,Secretary_Island/Lake_Sec
Lake_Sec-090318_223002-S404-E425,Male,21.0,2018-03-10 11:36,Secretary_Island/Lake_Sec
Lake_Sec-090318_223002-S423-E430,Female,7.0,2018-03-10 11:37,Secretary_Island/Lake_Sec
Lake_Sec-090318_223002-S496-E509,Male,13.0,2018-03-10 11:38,Secretary_Island/Lake_Sec
Lake_Sec-090318_223002-S528-E540,Male,12.0,2018-03-10 11:38,Secretary_Island/Lake_Sec
Lake_Sec-090318_223002-S819-E826,Male,7.0,2018-03-10 11:43,Secretary_Island/Lake_Sec
Lake_Sec-090318_223002-S888-E898,Male,10.0,2018-03-10 11:44,Secretary_Island/Lake_Sec
Lake_Sec-090318_224502-S202-E219,Male,17.0,2018-03-10 11:48,Secretary_Island/Lake_Sec
Lake_Sec-090318_234502-S23-E35,Male,12.0,2018-03-10 12:45,Secretary_Island/Lake_Sec
Lake_Sec-090418_230002-S69-E82,Male,13.0,2018-04-10 11:01,Secretary_Island/Lake_Sec
Lake_Sec-090418_234502-S366-E372,Male,6.0,2018-04-10 11:51,Secretary_Island/Lake_Sec
Lake_Sec-090519_221502-S23-E30,Male,7.0,2019-05-10 10:15,Secretary_Island/Lake_Sec
Lake_Sec-090519_233002-S564-E576,Male,12.0,2019-05-10 11:39,Secretary_Island/Lake_Sec
Lake_Sec-090519_233002-S625-E641,Male,16.0,2019-05-10 11:40,Secretary_Island/Lake_Sec
Lake_Sec-090519_234502-S363-E379,Male,16.0,2019-05-10 11:51,Secretary_Island/Lake_Sec
Lake_Sec-090519_234502-S489-E504,Male,15.0,2019-05-10 11:53,Secretary_Island/Lake_Sec
Lake_Sec-100318_221502-S885-E895,Male,10.0,2018-03-11 11:29,Secretary_Island/Lake_Sec
Lake_Sec-100318_223002-S1-E15,Male,14.0,2018-03-11 11:30,Secretary_Island/Lake_Sec
Lake_Sec-100318_223002-S685-E700,Male,15.0,2018-03-11 11:41,Secretary_Island/Lake_Sec
Lake_Sec-100318_224502-S786-E799,Male,13.0,2018-03-11 11:58,Secretary_Island/Lake_Sec
Lake_Sec-100318_230002-S364-E371,Male,7.0,2018-03-11 12:06,Secretary_Island/Lake_Sec
Lake_Sec-100318_231502-S55-E61,Male,6.0,2018-03-11 12:15,Secretary_Island/Lake_Sec
Lake_Sec-100318_234502-S469-E485,Male,16.0,2018-03-11 12:52,Secretary_Island/Lake_Sec
Lake_Sec-100318_234502-S489-E502,Female,13.0,2018-03-11 12:53,Secretary_Island/Lake_Sec
Lake_Sec-100318_234502-S570-E583,Male,13.0,2018-03-11 12:54,Secretary_Island/Lake_Sec
Lake_Sec-100418_220001-S532-E550,Male,18.0,2018-04-11 10:08,Secretary_Island/Lake_Sec
Lake_Sec-100418_223002-S801-E811,Male,10.0,2018-04-11 10:43,Secretary_Island/Lake_Sec
Lake_Sec-100418_224502-S8-E24,Male,16.0,2018-04-11 10:45,Secretary_Island/Lake_Sec
Lake_Sec-100418_230002-S233-E249,Male,16.0,2018-04-11 11:03,Secretary_Island/Lake_Sec
Lake_Sec-100418_230002-S616-E634,Male,18.0,2018-04-11 11:10,Secretary_Island/Lake_Sec
Lake_Sec-100418_233002-S4-E22,Male,18.0,2018-04-11 11:30,Secretary_Island/Lake_Sec
Lake_Sec-100419_220001-S103-E116,Male,13.0,2019-04-11 10:01,Secretary_Island/Lake_Sec
Lake_Sec-100419_223002-S4-E17,Male,13.0,2019-04-11 10:30,Secretary_Island/Lake_Sec
Lake_Sec-100518_233002-S459-E472,Male,13.0,2018-05-11 11:37,Secretary_Island/Lake_Sec
Lake_Sec-100519_220001-S891-E898,Male,7.0,2019-05-11 10:14,Secretary_Island/Lake_Sec
Lake_Sec-100519_221502-S1-E10,Male,9.0,2019-05-11 10:15,Secretary_Island/Lake_Sec
Lake_Sec-100519_221502-S107-E122,Male,15.0,2019-05-11 10:16,Secretary_Island/Lake_Sec
Lake_Sec-100519_231502-S181-E194,Male,13.0,2019-05-11 11:18,Secretary_Island/Lake_Sec
Lake_Sec-100519_231502-S381-E388,Male,7.0,2019-05-11 11:21,Secretary_Island/Lake_Sec
Lake_Sec-100519_231502-S605-E615,Male,10.0,2019-05-11 11:25,Secretary_Island/Lake_Sec
Lake_Sec-100519_234502-S659-E685,Male,26.0,2019-05-11 11:56,Secretary_Island/Lake_Sec
Lake_Sec-100519_234502-S768-E790,Male,22.0,2019-05-11 11:57,Secretary_Island/Lake_Sec
Lake_Sec-110418_220001-S509-E525,Male,16.0,2018-04-12 10:08,Secretary_Island/Lake_Sec
Lake_Sec-110419_220001-S608-E618,Male,10.0,2019-04-12 10:10,Secretary_Island/Lake_Sec
Lake_Sec-110419_220001-S620-E630,Male,10.0,2019-04-12 10:10,Secretary_Island/Lake_Sec
Lake_Sec-110419_233002-S840-E856,Male,16.0,2019-04-12 11:44,Secretary_Island/Lake_Sec
Lake_Sec-120418_233002-S423-E435,Male,12.0,2018-04-13 11:37,Secretary_Island/Lake_Sec
Lake_Sec-120418_234502-S270-E283,Male,13.0,2018-04-13 11:49,Secretary_Island/Lake_Sec
Lake_Sec-120419_233002-S222-E238,Male,16.0,2019-04-13 11:33,Secretary_Island/Lake_Sec
Lake_Sec-120419_234502-S562-E575,Male,13.0,2019-04-13 11:54,Secretary_Island/Lake_Sec
Lake_Sec-120518_223002-S839-E855,Male,16.0,2018-05-13 10:44,Secretary_Island/Lake_Sec
Lake_Sec-120518_234502-S314-E329,Male,15.0,2018-05-13 11:50,Secretary_Island/Lake_Sec
Lake_Sec-120519_220001-S288-E297,Male,9.0,2019-05-13 10:04,Secretary_Island/Lake_Sec
Lake_Sec-120519_220001-S348-E363,Male,15.0,2019-05-13 10:05,Secretary_Island/Lake_Sec
Lake_Sec-130418_220001-S591-E612,Male,21.0,2018-04-14 10:09,Secretary_Island/Lake_Sec
Lake_Sec-130418_220001-S882-E892,Male,10.0,2018-04-14 10:14,Secretary_Island/Lake_Sec
Lake_Sec-130418_221502-S119-E140,Male,21.0,2018-04-14 10:17,Secretary_Island/Lake_Sec
Lake_Sec-130418_223002-S320-E333,Male,13.0,2018-04-14 10:35,Secretary_Island/Lake_Sec
Lake_Sec-130418_233002-S642-E657,Male,15.0,2018-04-14 11:40,Secretary_Island/Lake_Sec
Lake_Sec-130418_233002-S678-E708,Male,30.0,2018-04-14 11:41,Secretary_Island/Lake_Sec
Lake_Sec-130419_221503-S588-E606,Male,18.0,2019-04-14 10:24,Secretary_Island/Lake_Sec
Lake_Sec-130419_223002-S152-E180,Male,28.0,2019-04-14 10:32,Secretary_Island/Lake_Sec
Lake_Sec-130419_234502-S67-E77,Male,10.0,2019-04-14 11:46,Secretary_Island/Lake_Sec
Lake_Sec-130419_234502-S776-E790,Male,14.0,2019-04-14 11:57,Secretary_Island/Lake_Sec
Lake_Sec-130519_223002-S96-E123,Male,27.0,2019-05-14 10:31,Secretary_Island/Lake_Sec
Lake_Sec-130519_234502-S102-E110,Male,8.0,2019-05-14 11:46,Secretary_Island/Lake_Sec
Lake_Sec-140319_233002-S748-E758,Male,10.0,2019-03-15 12:42,Secretary_Island/Lake_Sec
Lake_Sec-140319_234502-S661-E671,Male,10.0,2019-03-15 12:56,Secretary_Island/Lake_Sec
Lake_Sec-140418_221502-S162-E187,Male,25.0,2018-04-15 10:17,Secretary_Island/Lake_Sec
Lake_Sec-140418_234502-S650-E666,Male,16.0,2018-04-15 11:55,Secretary_Island/Lake_Sec
Lake_Sec-140419_223002-S307-E316,Male,9.0,2019-04-15 10:35,Secretary_Island/Lake_Sec
Lake_Sec-140419_224502-S301-E308,Male,7.0,2019-04-15 10:50,Secretary_Island/Lake_Sec
Lake_Sec-140419_231502-S587-E594,Male,7.0,2019-04-15 11:24,Secretary_Island/Lake_Sec
Lake_Sec-140419_234502-S111-E133,Male,22.0,2019-04-15 11:46,Secretary_Island/Lake_Sec
Lake_Sec-140419_234502-S387-E397,Male,10.0,2019-04-15 11:51,Secretary_Island/Lake_Sec
Lake_Sec-150319_220001-S148-E155,Male,7.0,2019-03-16 11:02,Secretary_Island/Lake_Sec
Lake_Sec-150319_220001-S20-E32,Male,12.0,2019-03-16 11:00,Secretary_Island/Lake_Sec
Lake_Sec-150319_231502-S517-E527,Male,10.0,2019-03-16 12:23,Secretary_Island/Lake_Sec
Lake_Sec-150319_231502-S712-E730,Male,18.0,2019-03-16 12:26,Secretary_Island/Lake_Sec
Lake_Sec-150319_231502-S754-E760,Male,6.0,2019-03-16 12:27,Secretary_Island/Lake_Sec
Lake_Sec-150419_220001-S840-E852,Male,12.0,2019-04-16 10:14,Secretary_Island/Lake_Sec
Lake_Sec-150419_223002-S571-E580,Female,9.0,2019-04-16 10:39,Secretary_Island/Lake_Sec
Lake_Sec-150419_233002-S258-E265,Male,7.0,2019-04-16 11:34,Secretary_Island/Lake_Sec
Lake_Sec-150419_234502-S768-E788,Male,20.0,2019-04-16 11:57,Secretary_Island/Lake_Sec
Lake_Sec-150518_223002-S222-E246,Male,24.0,2018-05-16 10:33,Secretary_Island/Lake_Sec
Lake_Sec-150518_223002-S267-E283,Male,16.0,2018-05-16 10:34,Secretary_Island/Lake_Sec
Lake_Sec-150518_230002-S595-E619,Male,24.0,2018-05-16 11:09,Secretary_Island/Lake_Sec
Lake_Sec-150518_233002-S279-E295,Male,16.0,2018-05-16 11:34,Secretary_Island/Lake_Sec
Lake_Sec-150518_233002-S7-E25,Male,18.0,2018-05-16 11:30,Secretary_Island/Lake_Sec
Lake_Sec-160318_221502-S752-E758,Male,6.0,2018-03-17 11:27,Secretary_Island/Lake_Sec
Lake_Sec-160318_221502-S761-E770,Male,9.0,2018-03-17 11:27,Secretary_Island/Lake_Sec
Lake_Sec-160318_221502-S773-E779,Male,6.0,2018-03-17 11:27,Secretary_Island/Lake_Sec
Lake_Sec-160318_221502-S783-E790,Male,7.0,2018-03-17 11:28,Secretary_Island/Lake_Sec
Lake_Sec-160318_223002-S868-E886,Male,18.0,2018-03-17 11:44,Secretary_Island/Lake_Sec
Lake_Sec-160318_233002-S125-E138,Male,13.0,2018-03-17 12:32,Secretary_Island/Lake_Sec
Lake_Sec-160318_234502-S773-E789,Male,16.0,2018-03-17 12:57,Secretary_Island/Lake_Sec
Lake_Sec-160319_231502-S544-E560,Male,16.0,2019-03-17 12:24,Secretary_Island/Lake_Sec
Lake_Sec-160319_231502-S608-E626,Male,18.0,2019-03-17 12:25,Secretary_Island/Lake_Sec
Lake_Sec-160319_231502-S774-E786,Male,12.0,2019-03-17 12:27,Secretary_Island/Lake_Sec
Lake_Sec-160419_220001-S250-E270,Male,20.0,2019-04-17 10:04,Secretary_Island/Lake_Sec
Lake_Sec-160419_220001-S742-E758,Male,16.0,2019-04-17 10:12,Secretary_Island/Lake_Sec
Lake_Sec-160419_220001-S85-E98,Male,13.0,2019-04-17 10:01,Secretary_Island/Lake_Sec
Lake_Sec-160419_221502-S557-E578,Male,21.0,2019-04-17 10:24,Secretary_Island/Lake_Sec
Lake_Sec-160419_231502-S1-E7,missing,6.0,2019-04-17 11:15,Secretary_Island/Lake_Sec
Lake_Sec-160419_231502-S13-E22,missing,9.0,2019-04-17 11:15,Secretary_Island/Lake_Sec
Lake_Sec-160419_233002-S116-E137,Male,21.0,2019-04-17 11:31,Secretary_Island/Lake_Sec
Lake_Sec-160419_233002-S72-E90,Male,18.0,2019-04-17 11:31,Secretary_Island/Lake_Sec
Lake_Sec-170319_221502-S671-E678,Male,7.0,2019-03-18 11:26,Secretary_Island/Lake_Sec
Lake_Sec-170319_234502-S231-E241,Male,10.0,2019-03-18 12:48,Secretary_Island/Lake_Sec
Lake_Sec-170319_234502-S666-E673,Male,7.0,2019-03-18 12:56,Secretary_Island/Lake_Sec
Lake_Sec-170419_220001-S170-E180,Male,10.0,2019-04-18 10:02,Secretary_Island/Lake_Sec
Lake_Sec-170419_223002-S613-E623,Male,10.0,2019-04-18 10:40,Secretary_Island/Lake_Sec
Lake_Sec-170419_231502-S441-E456,Male,15.0,2019-04-18 11:22,Secretary_Island/Lake_Sec
Lake_Sec-170419_231502-S827-E837,Male,10.0,2019-04-18 11:28,Secretary_Island/Lake_Sec
Lake_Sec-180319_221502-S746-E753,Male,7.0,2019-03-19 11:27,Secretary_Island/Lake_Sec
Lake_Sec-180319_221502-S824-E837,Male,13.0,2019-03-19 11:28,Secretary_Island/Lake_Sec
Lake_Sec-180319_233002-S802-E817,Male,15.0,2019-03-19 12:43,Secretary_Island/Lake_Sec
Lake_Sec-180419_220001-S830-E846,Male,16.0,2019-04-19 10:13,Secretary_Island/Lake_Sec
Lake_Sec-180419_221502-S208-E224,Male,16.0,2019-04-19 10:18,Secretary_Island/Lake_Sec
Lake_Sec-180419_221502-S404-E411,Male,7.0,2019-04-19 10:21,Secretary_Island/Lake_Sec
Lake_Sec-180419_223002-S205-E212,Female,7.0,2019-04-19 10:33,Secretary_Island/Lake_Sec
Lake_Sec-180419_223002-S766-E788,Male,22.0,2019-04-19 10:42,Secretary_Island/Lake_Sec
Lake_Sec-180419_223002-S87-E100,Male,13.0,2019-04-19 10:31,Secretary_Island/Lake_Sec
Lake_Sec-180419_224502-S449-E457,Female,8.0,2019-04-19 10:52,Secretary_Island/Lake_Sec
Lake_Sec-180419_224502-S850-E863,Male,13.0,2019-04-19 10:59,Secretary_Island/Lake_Sec
Lake_Sec-190319_224502-S167-E183,Male,16.0,2019-03-20 11:47,Secretary_Island/Lake_Sec
Lake_Sec-190319_224502-S342-E352,Male,10.0,2019-03-20 11:50,Secretary_Island/Lake_Sec
Lake_Sec-190319_224502-S720-E744,Male,24.0,2019-03-20 11:57,Secretary_Island/Lake_Sec
Lake_Sec-190319_231502-S333-E340,Male,7.0,2019-03-20 12:20,Secretary_Island/Lake_Sec
Lake_Sec-200319_223002-S654-E676,Male,22.0,2019-03-21 11:40,Secretary_Island/Lake_Sec
Lake_Sec-200319_223002-S683-E693,Male,10.0,2019-03-21 11:41,Secretary_Island/Lake_Sec
Lake_Sec-200319_223002-S713-E725,Male,12.0,2019-03-21 11:41,Secretary_Island/Lake_Sec
Lake_Sec-200319_230002-S14-E30,Male,16.0,2019-03-21 12:00,Secretary_Island/Lake_Sec
Lake_Sec-200319_230002-S438-E457,Male,19.0,2019-03-21 12:07,Secretary_Island/Lake_Sec
Lake_Sec-200319_234502-S421-E436,Male,15.0,2019-03-21 12:52,Secretary_Island/Lake_Sec
Lake_Sec-200319_234502-S701-E714,Male,13.0,2019-03-21 12:56,Secretary_Island/Lake_Sec
Lake_Sec-200419_220001-S825-E835,Male,10.0,2019-04-21 10:13,Secretary_Island/Lake_Sec
Lake_Sec-200419_230002-S159-E183,Male,24.0,2019-04-21 11:02,Secretary_Island/Lake_Sec
Lake_Sec-210318_221502-S54-E76,Male,22.0,2018-03-22 11:15,Secretary_Island/Lake_Sec
Lake_Sec-210318_233002-S32-E38,Male,6.0,2018-03-22 12:30,Secretary_Island/Lake_Sec
Lake_Sec-210319_223002-S85-E106,Male,21.0,2019-03-22 11:31,Secretary_Island/Lake_Sec
Lake_Sec-210319_224502-S620-E632,Male,12.0,2019-03-22 11:55,Secretary_Island/Lake_Sec
Lake_Sec-210319_224502-S638-E644,Male,6.0,2019-03-22 11:55,Secretary_Island/Lake_Sec
Lake_Sec-210319_224502-S749-E759,Male,10.0,2019-03-22 11:57,Secretary_Island/Lake_Sec
Lake_Sec-210319_234502-S870-E880,Male,10.0,2019-03-22 12:59,Secretary_Island/Lake_Sec
Lake_Sec-210419_223002-S429-E438,Male,9.0,2019-04-22 10:37,Secretary_Island/Lake_Sec
Lake_Sec-210419_230002-S623-E650,Male,27.0,2019-04-22 11:10,Secretary_Island/Lake_Sec
Lake_Sec-210419_231502-S345-E352,Male,7.0,2019-04-22 11:20,Secretary_Island/Lake_Sec
Lake_Sec-220318_234502-S811-E832,Male,21.0,2018-03-23 12:58,Secretary_Island/Lake_Sec
Lake_Sec-220319_220001-S482-E500,Male,18.0,2019-03-23 11:08,Secretary_Island/Lake_Sec
Lake_Sec-220319_223002-S141-E159,Male,18.0,2019-03-23 11:32,Secretary_Island/Lake_Sec
Lake_Sec-220319_223002-S315-E325,Male,10.0,2019-03-23 11:35,Secretary_Island/Lake_Sec
Lake_Sec-220319_224502-S51-E61,Male,10.0,2019-03-23 11:45,Secretary_Island/Lake_Sec
Lake_Sec-220319_230002-S142-E166,Male,24.0,2019-03-23 12:02,Secretary_Island/Lake_Sec
Lake_Sec-220319_231502-S480-E498,Male,18.0,2019-03-23 12:23,Secretary_Island/Lake_Sec
Lake_Sec-220319_234502-S28-E48,Male,20.0,2019-03-23 12:45,Secretary_Island/Lake_Sec
Lake_Sec-220418_221502-S874-E884,Male,10.0,2018-04-23 10:29,Secretary_Island/Lake_Sec
Lake_Sec-220418_223002-S790-E797,Male,7.0,2018-04-23 10:43,Secretary_Island/Lake_Sec
Lake_Sec-220418_223002-S839-E854,Male,15.0,2018-04-23 10:44,Secretary_Island/Lake_Sec
Lake_Sec-220418_231502-S189-E204,Male,15.0,2018-04-23 11:18,Secretary_Island/Lake_Sec
Lake_Sec-220419_230002-S421-E428,Male,7.0,2019-04-23 11:07,Secretary_Island/Lake_Sec
Lake_Sec-230318_220001-S239-E252,Male,13.0,2018-03-24 11:04,Secretary_Island/Lake_Sec
Lake_Sec-230319_231502-S88-E94,Male,6.0,2019-03-24 12:16,Secretary_Island/Lake_Sec
Lake_Sec-230319_234502-S296-E309,Male,13.0,2019-03-24 12:49,Secretary_Island/Lake_Sec
Lake_Sec-230419_220001-S64-E74,Male,10.0,2019-04-24 10:01,Secretary_Island/Lake_Sec
Lake_Sec-230419_230002-S16-E31,Male,15.0,2019-04-24 11:00,Secretary_Island/Lake_Sec
Lake_Sec-230419_230002-S191-E209,Male,18.0,2019-04-24 11:03,Secretary_Island/Lake_Sec
Lake_Sec-230419_230002-S7-E13,Male,6.0,2019-04-24 11:00,Secretary_Island/Lake_Sec
Lake_Sec-240318_220001-S114-E130,Male,16.0,2018-03-25 11:01,Secretary_Island/Lake_Sec
Lake_Sec-240318_221502-S359-E372,Male,13.0,2018-03-25 11:21,Secretary_Island/Lake_Sec
Lake_Sec-240318_230002-S542-E555,Male,13.0,2018-03-25 12:09,Secretary_Island/Lake_Sec
Lake_Sec-240318_230002-S603-E616,Male,13.0,2018-03-25 12:10,Secretary_Island/Lake_Sec
Lake_Sec-240418_220001-S172-E182,Male,10.0,2018-04-25 10:02,Secretary_Island/Lake_Sec
Lake_Sec-240419_220001-S100-E113,Male,13.0,2019-04-25 10:01,Secretary_Island/Lake_Sec
Lake_Sec-240419_230002-S176-E200,Male,24.0,2019-04-25 11:02,Secretary_Island/Lake_Sec
Lake_Sec-240419_230002-S382-E395,Male,13.0,2019-04-25 11:06,Secretary_Island/Lake_Sec
Lake_Sec-250318_224502-S198-E208,Male,10.0,2018-03-26 11:48,Secretary_Island/Lake_Sec
Lake_Sec-260319_221502-S324-E337,Male,13.0,2019-03-27 11:20,Secretary_Island/Lake_Sec
Lake_Sec-260418_220001-S175-E188,Male,13.0,2018-04-27 10:02,Secretary_Island/Lake_Sec
Lake_Sec-260418_223002-S234-E247,Male,13.0,2018-04-27 10:33,Secretary_Island/Lake_Sec
Lake_Sec-270319_220001-S81-E102,Male,21.0,2019-03-28 11:01,Secretary_Island/Lake_Sec
Lake_Sec-270319_224502-S213-E220,Male,7.0,2019-03-28 11:48,Secretary_Island/Lake_Sec
Lake_Sec-270319_231502-S210-E226,Male,16.0,2019-03-28 12:18,Secretary_Island/Lake_Sec
Lake_Sec-270319_233002-S241-E257,Male,16.0,2019-03-28 12:34,Secretary_Island/Lake_Sec
Lake_Sec-270319_233002-S405-E421,Male,16.0,2019-03-28 12:36,Secretary_Island/Lake_Sec
Lake_Sec-270319_233002-S455-E468,Male,13.0,2019-03-28 12:37,Secretary_Island/Lake_Sec
Lake_Sec-270319_233002-S471-E477,Male,6.0,2019-03-28 12:37,Secretary_Island/Lake_Sec
Lake_Sec-270319_234502-S547-E560,Male,13.0,2019-03-28 12:54,Secretary_Island/Lake_Sec
Lake_Sec-270418_233002-S455-E478,Male,23.0,2018-04-28 11:37,Secretary_Island/Lake_Sec
Lake_Sec-270418_233002-S492-E498,Male,6.0,2018-04-28 11:38,Secretary_Island/Lake_Sec
Lake_Sec-270419_231502-S875-E885,Male,10.0,2019-04-28 11:29,Secretary_Island/Lake_Sec
Lake_Sec-280319_221502-S356-E380,Male,24.0,2019-03-29 11:20,Secretary_Island/Lake_Sec
Lake_Sec-280319_221502-S797-E806,Male,9.0,2019-03-29 11:28,Secretary_Island/Lake_Sec
Lake_Sec-280319_221502-S819-E837,Male,18.0,2019-03-29 11:28,Secretary_Island/Lake_Sec
Lake_Sec-280319_223002-S36-E55,Male,19.0,2019-03-29 11:30,Secretary_Island/Lake_Sec
Lake_Sec-280319_224502-S157-E169,Male,12.0,2019-03-29 11:47,Secretary_Island/Lake_Sec
Lake_Sec-280319_224502-S172-E178,Male,6.0,2019-03-29 11:47,Secretary_Island/Lake_Sec
Lake_Sec-280319_224502-S196-E211,Male,15.0,2019-03-29 11:48,Secretary_Island/Lake_Sec
Lake_Sec-280319_224502-S426-E444,Male,18.0,2019-03-29 11:52,Secretary_Island/Lake_Sec
Lake_Sec-280319_230002-S679-E685,Female,6.0,2019-03-29 12:11,Secretary_Island/Lake_Sec
Lake_Sec-280319_234502-S581-E588,Male,7.0,2019-03-29 12:54,Secretary_Island/Lake_Sec
Lake_Sec-280319_234502-S622-E630,Male,8.0,2019-03-29 12:55,Secretary_Island/Lake_Sec
Lake_Sec-280418_223002-S670-E688,Male,18.0,2018-04-29 10:41,Secretary_Island/Lake_Sec
Lake_Sec-290318_221502-S328-E340,Male,12.0,2018-03-30 11:20,Secretary_Island/Lake_Sec
Lake_Sec-290318_221502-S351-E358,Male,7.0,2018-03-30 11:20,Secretary_Island/Lake_Sec
Lake_Sec-290319_221502-S478-E487,Male,9.0,2019-03-30 11:23,Secretary_Island/Lake_Sec
Lake_Sec-290319_223002-S735-E760,Male,25.0,2019-03-30 11:42,Secretary_Island/Lake_Sec
Lake_Sec-290319_224502-S365-E375,Male,10.0,2019-03-30 11:51,Secretary_Island/Lake_Sec
Lake_Sec-290319_233002-S408-E421,Male,13.0,2019-03-30 12:36,Secretary_Island/Lake_Sec
Lake_Sec-290419_220001-S820-E830,Male,10.0,2019-04-30 10:13,Secretary_Island/Lake_Sec
Lake_Sec-290419_224502-S760-E787,Male,27.0,2019-04-30 10:57,Secretary_Island/Lake_Sec
Lake_Sec-290419_231502-S796-E818,Male,22.0,2019-04-30 11:28,Secretary_Island/Lake_Sec
Lake_Sec-290419_233002-S258-E276,Male,18.0,2019-04-30 11:34,Secretary_Island/Lake_Sec
Lake_Sec-290419_233002-S582-E592,Male,10.0,2019-04-30 11:39,Secretary_Island/Lake_Sec
Lake_Sec-290419_233002-S676-E700,Male,24.0,2019-04-30 11:41,Secretary_Island/Lake_Sec
Lake_Sec-290419_234502-S373-E383,Female,10.0,2019-04-30 11:51,Secretary_Island/Lake_Sec
Lake_Sec-290419_234502-S383-E396,Male,13.0,2019-04-30 11:51,Secretary_Island/Lake_Sec
Lake_Sec-290419_234502-S868-E880,Male,12.0,2019-04-30 11:59,Secretary_Island/Lake_Sec
Lake_Sec-290419_234502-S883-E893,Female,10.0,2019-04-30 11:59,Secretary_Island/Lake_Sec
Lake_Sec-300319_233002-S617-E630,Male,13.0,2019-03-31 12:40,Secretary_Island/Lake_Sec
Lake_Sec-300418_230002-S542-E553,Male,11.0,2018-05-01 11:09,Secretary_Island/Lake_Sec
Lake_Sec-300418_231502-S93-E100,Male,7.0,2018-05-01 11:16,Secretary_Island/Lake_Sec
Lake_Sec-300418_234502-S106-E133,Male,27.0,2018-05-01 11:46,Secretary_Island/Lake_Sec
Lake_Sec-300418_234502-S752-E768,Male,16.0,2018-05-01 11:57,Secretary_Island/Lake_Sec
Lake_Sec-300419_221502-S885-E898,Male,13.0,2019-05-01 10:29,Secretary_Island/Lake_Sec
Lake_Sec-300419_223002-S1-E12,Male,11.0,2019-05-01 10:30,Secretary_Island/Lake_Sec
Lake_Sec-300419_223002-S104-E117,Male,13.0,2019-05-01 10:31,Secretary_Island/Lake_Sec
Lake_Sec-300419_224502-S22-E32,Male,10.0,2019-05-01 10:45,Secretary_Island/Lake_Sec
Lake_Sec-300419_224502-S50-E57,Male,7.0,2019-05-01 10:45,Secretary_Island/Lake_Sec
Lake_Sec-300419_230002-S852-E870,Male,18.0,2019-05-01 11:14,Secretary_Island/Lake_Sec
Lake_Sec-300419_231502-S1-E6,Male,5.0,2019-05-01 11:15,Secretary_Island/Lake_Sec
Lake_Sec-300419_234502-S871-E889,Male,18.0,2019-05-01 11:59,Secretary_Island/Lake_Sec
Lake_Sec-310318_231502-S290-E306,Male,16.0,2018-04-01 11:19,Secretary_Island/Lake_Sec
Marley-010518_223002-S882-E889,Male,7.0,2018-05-02 10:44,Secretary_Island/Marley
Marley-020519_231502-S206-E230,Male,24.0,2019-05-03 11:18,Secretary_Island/Marley
Marley-020519_233002-S221-E242,Male,21.0,2019-05-03 11:33,Secretary_Island/Marley
Marley-040419_233002-S21-E39,Male,18.0,2019-04-05 12:30,Secretary_Island/Marley
Marley-040518_220001-S187-E194,Male,7.0,2018-05-05 10:03,Secretary_Island/Marley
Marley-040518_220001-S204-E211,Male,7.0,2018-05-05 10:03,Secretary_Island/Marley
Marley-040518_220001-S21-E27,Male,6.0,2018-05-05 10:00,Secretary_Island/Marley
Marley-040518_220001-S30-E48,Male,18.0,2018-05-05 10:00,Secretary_Island/Marley
Marley-040518_220001-S402-E417,Male,15.0,2018-05-05 10:06,Secretary_Island/Marley
Marley-040518_220001-S425-E435,Male,10.0,2018-05-05 10:07,Secretary_Island/Marley
Marley-040518_221502-S418-E433,Male,15.0,2018-05-05 10:22,Secretary_Island/Marley
Marley-040518_221502-S436-E442,Male,6.0,2018-05-05 10:22,Secretary_Island/Marley
Marley-040518_230002-S661-E688,Male,27.0,2018-05-05 11:11,Secretary_Island/Marley
Marley-050519_221502-S864-E873,Male,9.0,2019-05-06 10:29,Secretary_Island/Marley
Marley-060418_233002-S496-E523,Male,27.0,2018-04-07 11:38,Secretary_Island/Marley
Marley-070418_234502-S630-E654,Male,24.0,2018-04-08 11:55,Secretary_Island/Marley
Marley-080518_221502-S98-E104,Male,6.0,2018-05-09 10:16,Secretary_Island/Marley
Marley-080518_234501-S564-E573,Male,9.0,2018-05-09 11:54,Secretary_Island/Marley
Marley-090419_223002-S319-E335,Male,16.0,2019-04-10 10:35,Secretary_Island/Marley
Marley-100519_221502-S364-E382,Male,18.0,2019-05-11 10:21,Secretary_Island/Marley
Marley-110518_224502-S438-E454,Male,16.0,2018-05-12 10:52,Secretary_Island/Marley
Marley-110518_230002-S644-E650,Male,6.0,2018-05-12 11:10,Secretary_Island/Marley
Marley-110518_230002-S656-E665,Male,9.0,2018-05-12 11:10,Secretary_Island/Marley
Marley-110518_231502-S335-E344,Male,9.0,2018-05-12 11:20,Secretary_Island/Marley
Marley-110518_234502-S519-E531,Male,12.0,2018-05-12 11:53,Secretary_Island/Marley
Marley-110519_223002-S42-E60,Male,18.0,2019-05-12 10:30,Secretary_Island/Marley
Marley-120418_230002-S135-E151,Male,16.0,2018-04-13 11:02,Secretary_Island/Marley
Marley-120419_230002-S307-E313,Male,6.0,2019-04-13 11:05,Secretary_Island/Marley
Marley-130418_230002-S542-E549,Female,7.0,2018-04-14 11:09,Secretary_Island/Marley
Marley-130418_230002-S554-E561,Female,7.0,2018-04-14 11:09,Secretary_Island/Marley
Marley-130419_231502-S211-E224,Male,13.0,2019-04-14 11:18,Secretary_Island/Marley
Marley-130519_220001-S147-E180,Male,33.0,2019-05-14 10:02,Secretary_Island/Marley
Marley-130519_233002-S868-E895,Male,27.0,2019-05-14 11:44,Secretary_Island/Marley
Marley-140318_233002-S139-E146,Male,7.0,2018-03-15 12:32,Secretary_Island/Marley
Marley-140419_223002-S500-E518,Male,18.0,2019-04-15 10:38,Secretary_Island/Marley
Marley-150518_230002-S734-E755,Male,21.0,2018-05-16 11:12,Secretary_Island/Marley
Marley-180419_231502-S435-E471,Male,36.0,2019-04-19 11:22,Secretary_Island/Marley
Marley-180419_231502-S715-E742,Male,27.0,2019-04-19 11:26,Secretary_Island/Marley
Marley-180419_233002-S213-E237,Male,24.0,2019-04-19 11:33,Secretary_Island/Marley
Marley-190419_220001-S161-E167,Male,6.0,2019-04-20 10:02,Secretary_Island/Marley
Marley-190419_231502-S130-E136,Male,6.0,2019-04-20 11:17,Secretary_Island/Marley
Marley-190419_231502-S142-E148,Male,6.0,2019-04-20 11:17,Secretary_Island/Marley
Marley-190419_231502-S46-E73,Male,27.0,2019-04-20 11:15,Secretary_Island/Marley
Marley-200319_231502-S228-E241,Male,13.0,2019-03-21 12:18,Secretary_Island/Marley
Marley-200418_221502-S798-E805,Male,7.0,2018-04-21 10:28,Secretary_Island/Marley
Marley-200419_220001-S353-E374,Female,21.0,2019-04-21 10:05,Secretary_Island/Marley
Marley-200419_220001-S374-E401,Male,27.0,2019-04-21 10:06,Secretary_Island/Marley
Marley-200419_221502-S428-E443,Male,15.0,2019-04-21 10:22,Secretary_Island/Marley
Marley-200419_221502-S444-E459,Female,15.0,2019-04-21 10:22,Secretary_Island/Marley
Marley-200419_221502-S486-E498,Male,12.0,2019-04-21 10:23,Secretary_Island/Marley
Marley-210319_221502-S598-E609,Male,11.0,2019-03-22 11:25,Secretary_Island/Marley
Marley-210419_230002-S237-E267,Male,30.0,2019-04-22 11:03,Secretary_Island/Marley
Marley-210419_230002-S272-E284,Male,12.0,2019-04-22 11:04,Secretary_Island/Marley
Marley-210419_230002-S287-E299,Male,12.0,2019-04-22 11:04,Secretary_Island/Marley
Marley-220319_221502-S474-E501,Male,27.0,2019-03-23 11:22,Secretary_Island/Marley
Marley-230419_220001-S475-E499,Male,24.0,2019-04-24 10:07,Secretary_Island/Marley
Marley-230419_224502-S478-E508,Male,30.0,2019-04-24 10:53,Secretary_Island/Marley
Marley-230419_224502-S525-E546,Male,21.0,2019-04-24 10:53,Secretary_Island/Marley
Marley-230419_224502-S865-E889,Male,24.0,2019-04-24 10:59,Secretary_Island/Marley
Marley-230419_230002-S201-E225,Male,24.0,2019-04-24 11:03,Secretary_Island/Marley
Marley-240319_233002-S149-E166,Male,17.0,2019-03-25 12:32,Secretary_Island/Marley
Marley-240418_224502-S732-E745,Male,13.0,2018-04-25 10:57,Secretary_Island/Marley
Marley-240418_230002-S142-E152,Male,10.0,2018-04-25 11:02,Secretary_Island/Marley
Marley-240418_230002-S826-E847,Male,21.0,2018-04-25 11:13,Secretary_Island/Marley
Marley-240418_231502-S891-E898,Male,7.0,2018-04-25 11:29,Secretary_Island/Marley
Marley-240418_233002-S1-E6,Male,5.0,2018-04-25 11:30,Secretary_Island/Marley
Marley-240418_233002-S123-E130,Male,7.0,2018-04-25 11:32,Secretary_Island/Marley
Marley-240418_234502-S23-E37,Male,14.0,2018-04-25 11:45,Secretary_Island/Marley
Marley-240419_224502-S432-E468,Male,36.0,2019-04-25 10:52,Secretary_Island/Marley
Marley-240419_224502-S467-E476,Female,9.0,2019-04-25 10:52,Secretary_Island/Marley
Marley-240419_224502-S474-E492,Male,18.0,2019-04-25 10:52,Secretary_Island/Marley
Marley-240419_233002-S135-E162,Male,27.0,2019-04-25 11:32,Secretary_Island/Marley
Marley-250419_234502-S794-E801,Male,7.0,2019-04-26 11:58,Secretary_Island/Marley
Marley-250419_234502-S865-E889,Male,24.0,2019-04-26 11:59,Secretary_Island/Marley
Marley-270319_231502-S855-E891,Male,36.0,2019-03-28 12:29,Secretary_Island/Marley
Marley-270319_233002-S418-E430,Female,12.0,2019-03-28 12:37,Secretary_Island/Marley
Marley-270319_234502-S490-E496,Male,6.0,2019-03-28 12:53,Secretary_Island/Marley
Marley-270419_223002-S817-E826,Male,9.0,2019-04-28 10:43,Secretary_Island/Marley
Marley-270419_223002-S857-E881,Male,24.0,2019-04-28 10:44,Secretary_Island/Marley
Marley-270419_231502-S437-E443,Male,6.0,2019-04-28 11:22,Secretary_Island/Marley
Marley-270419_231502-S446-E458,Male,12.0,2019-04-28 11:22,Secretary_Island/Marley
Marley-280318_221502-S520-E548,Male,28.0,2018-03-29 11:23,Secretary_Island/Marley
Marley-280319_220001-S358-E373,Male,15.0,2019-03-29 11:05,Secretary_Island/Marley
Marley-280419_230002-S83-E113,Male,30.0,2019-04-29 11:01,Secretary_Island/Marley
Marley-280419_231502-S534-E558,Male,24.0,2019-04-29 11:23,Secretary_Island/Marley
Marley-290319_224502-S479-E485,Male,6.0,2019-03-30 11:53,Secretary_Island/Marley
Marley-300418_220001-S376-E383,Male,7.0,2018-05-01 10:06,Secretary_Island/Marley
Marley-300418_221502-S11-E24,Male,13.0,2018-05-01 10:15,Secretary_Island/Marley
Marley-300418_221502-S204-E228,Male,24.0,2018-05-01 10:18,Secretary_Island/Marley
Marley-300418_221502-S243-E267,Male,24.0,2018-05-01 10:19,Secretary_Island/Marley
Marley-300418_221502-S334-E344,Male,10.0,2018-05-01 10:20,Secretary_Island/Marley
Marley-300418_221502-S350-E357,Male,7.0,2018-05-01 10:20,Secretary_Island/Marley
Marley-300418_221502-S435-E441,Male,6.0,2018-05-01 10:22,Secretary_Island/Marley
Marley-300418_221502-S723-E738,Male,15.0,2018-05-01 10:27,Secretary_Island/Marley
Marley-300418_221502-S750-E756,Male,6.0,2018-05-01 10:27,Secretary_Island/Marley
Marley-300418_221502-S865-E878,Male,13.0,2018-05-01 10:29,Secretary_Island/Marley
Marley-300418_223002-S348-E363,Female,15.0,2018-05-01 10:35,Secretary_Island/Marley
Marley-300418_223002-S362-E377,Male,15.0,2018-05-01 10:36,Secretary_Island/Marley
Marley-310318_220001-S498-E516,Male,18.0,2018-04-01 10:08,Secretary_Island/Marley
Marley-310319_220001-S142-E155,Female,13.0,2019-04-01 11:02,Secretary_Island/Marley
Marley-310319_220001-S188-E195,Female,7.0,2019-04-01 11:03,Secretary_Island/Marley
Marley-310319_220001-S20-E29,Female,9.0,2019-04-01 11:00,Secretary_Island/Marley
Marley-310319_220001-S459-E465,Female,6.0,2019-04-01 11:07,Secretary_Island/Marley
Marley-310319_220001-S74-E89,Female,15.0,2019-04-01 11:01,Secretary_Island/Marley
Marley-310319_220001-S92-E100,Female,8.0,2019-04-01 11:01,Secretary_Island/Marley
N_River-050519_234502-S781-E787,Male,6.0,2019-05-06 11:58,Secretary_Island/N_River
N_River-110418_233002-S211-E227,Male,16.0,2018-04-12 11:33,Secretary_Island/N_River
N_River-110418_233002-S345-E352,Male,7.0,2018-04-12 11:35,Secretary_Island/N_River
N_River-110418_233002-S362-E372,Male,10.0,2018-04-12 11:36,Secretary_Island/N_River
N_River-110518_223002-S46-E52,Male,6.0,2018-05-12 10:30,Secretary_Island/N_River
N_River-110518_223002-S58-E70,Male,12.0,2018-05-12 10:31,Secretary_Island/N_River
N_River-130419_223002-S28-E35,Male,7.0,2019-04-14 10:30,Secretary_Island/N_River
N_River-130419_224502-S170-E177,Male,7.0,2019-04-14 10:47,Secretary_Island/N_River
N_River-130419_224502-S532-E545,missing,13.0,2019-04-14 10:53,Secretary_Island/N_River
N_River-240419_221502-S278-E291,Male,13.0,2019-04-25 10:19,Secretary_Island/N_River
N_River-250318_231502-S860-E877,Male,17.0,2018-03-26 12:29,Secretary_Island/N_River
